START TRANSACTION;

INSERT INTO `category` (`category_id`,`parent_id`,`name`) VALUES
(1,NULL,'Electronics'),
(2,1,'Computers'),
(3,2,'Laptops'),
(4,2,'Desktops'),
(5,2,'Monitors'),
(6,2,'Computer Components'),
(7,2,'Storage'),
(8,2,'Keyboards'),
(9,2,'Mice'),
(10,1,'Mobile Phones'),
(11,10,'Smartphones'),
(12,10,'Phone Cases'),
(13,10,'Chargers'),
(14,10,'Power Banks'),
(15,10,'Screen Protectors'),
(16,1,'Audio'),
(17,16,'Headphones'),
(18,16,'Bluetooth Speakers'),
(19,16,'Soundbars'),
(20,1,'TV & Video'),
(21,20,'Televisions'),
(22,20,'Projectors'),
(23,20,'Streaming Devices'),
(24,1,'Networking'),
(25,24,'Wi-Fi Routers'),
(26,24,'Mesh Systems'),
(27,24,'Network Switches'),
(28,1,'Cameras'),
(29,28,'Mirrorless Cameras'),
(30,28,'Action Cameras'),
(31,28,'Camera Lenses'),
(32,28,'Tripods'),
(33,NULL,'Home & Kitchen'),
(34,33,'Large Appliances'),
(35,34,'Refrigerators'),
(36,34,'Washing Machines'),
(37,34,'Dishwashers'),
(38,33,'Small Appliances'),
(39,38,'Coffee Makers'),
(40,38,'Kettles'),
(41,38,'Blenders'),
(42,38,'Air Fryers'),
(43,38,'Microwaves'),
(44,33,'Cookware'),
(45,44,'Frying Pans'),
(46,44,'Saucepans'),
(47,44,'Cookware Sets'),
(48,44,'Kitchen Knives'),
(49,33,'Furniture'),
(50,49,'Sofas'),
(51,49,'Dining Tables'),
(52,49,'Beds'),
(53,49,'Wardrobes'),
(54,33,'Home Decor'),
(55,54,'Wall Art'),
(56,54,'Lamps'),
(57,54,'Carpets'),
(58,54,'Curtains'),
(59,NULL,'Fashion'),
(60,59,'Men'),
(61,60,'T-Shirts'),
(62,60,'Jeans'),
(63,60,'Sneakers'),
(64,60,'Jackets'),
(65,59,'Women'),
(66,65,'Dresses'),
(67,65,'Tops'),
(68,65,'Leggings'),
(69,65,'Coats'),
(70,59,'Accessories'),
(71,70,'Backpacks'),
(72,70,'Belts'),
(73,70,'Sunglasses'),
(74,70,'Watches'),
(75,NULL,'Sports & Outdoors'),
(76,75,'Fitness'),
(77,76,'Yoga Mats'),
(78,76,'Dumbbells'),
(79,76,'Treadmills'),
(80,76,'Resistance Bands'),
(81,75,'Camping'),
(82,81,'Tents'),
(83,81,'Sleeping Bags'),
(84,81,'Backpacks'),
(85,81,'Headlamps'),
(86,75,'Cycling'),
(87,86,'Bike Helmets'),
(88,86,'Bike Lights'),
(89,86,'Bike Pumps'),
(90,NULL,'Office Supplies'),
(91,90,'Stationery'),
(92,91,'Notebooks'),
(93,91,'Pens'),
(94,91,'Sticky Notes'),
(95,91,'Folders'),
(96,90,'Printing'),
(97,96,'Printers'),
(98,96,'Ink Cartridges'),
(99,96,'Toner Cartridges'),
(100,90,'Office Furniture'),
(101,100,'Office Chairs'),
(102,100,'Standing Desks'),
(103,100,'Filing Cabinets'),
(104,NULL,'Books'),
(105,104,'Technology'),
(106,105,'Programming Books'),
(107,105,'Database Books'),
(108,105,'DevOps Books'),
(109,104,'Fiction'),
(110,109,'Sci-Fi Books'),
(111,109,'Fantasy Books'),
(112,109,'Mystery Books'),
(113,104,'Business'),
(114,113,'Entrepreneurship Books'),
(115,113,'Management Books'),
(116,NULL,'Health & Beauty'),
(117,116,'Personal Care'),
(118,117,'Electric Toothbrushes'),
(119,117,'Hair Dryers'),
(120,117,'Shavers'),
(121,116,'Skincare'),
(122,121,'Moisturizers'),
(123,121,'Cleansers'),
(124,121,'Sunscreens'),
(125,116,'Supplements'),
(126,125,'Protein Powder'),
(127,125,'Multivitamins'),
(128,125,'Omega-3'),
(129,NULL,'Automotive'),
(130,129,'Car Electronics'),
(131,130,'Dash Cams'),
(132,130,'Car Chargers'),
(133,130,'GPS Navigators'),
(134,129,'Car Care'),
(135,134,'Car Shampoo'),
(136,134,'Car Wax'),
(137,134,'Microfiber Towels'),
(138,129,'Tools'),
(139,138,'Jump Starters'),
(140,138,'Tire Inflators'),
(141,138,'OBD2 Scanners'),
(142,NULL,'Garden & Tools'),
(143,142,'Power Tools'),
(144,143,'Drills'),
(145,143,'Impact Drivers'),
(146,143,'Angle Grinders'),
(147,142,'Hand Tools'),
(148,147,'Screwdriver Sets'),
(149,147,'Wrench Sets'),
(150,147,'Tool Kits'),
(151,142,'Garden'),
(152,151,'Garden Hoses'),
(153,151,'Pruning Shears'),
(154,151,'Garden Gloves'),
(155,NULL,'Toys & Games'),
(156,155,'Board Games'),
(157,156,'Strategy Games'),
(158,156,'Party Games'),
(159,155,'Puzzles'),
(160,159,'Jigsaw Puzzles'),
(161,159,'3D Puzzles'),
(162,155,'Educational'),
(163,162,'STEM Kits'),
(164,162,'Building Blocks');

INSERT INTO `product` (`product_id`,`name`,`price`,`created_at`) VALUES
(1,'Nikon Yoga Mats G',1528.44,'2025-12-27 16:59:35'),
(2,'Logitech Camera Lenses G',1893.34,'2025-06-05 16:59:35'),
(3,'Nike Yoga Mats Ultra',281.09,'2026-02-20 16:59:35'),
(4,'Bosch Keyboards G',1965.22,'2026-01-11 16:59:35'),
(5,'Apple Network Switches M',198.85,'2025-03-20 16:59:35'),
(6,'Asus Garden Gloves Pro',2336.53,'2025-08-16 16:59:35'),
(7,'Lenovo Office Chairs M',708.59,'2025-07-30 16:59:35'),
(8,'Sony G Laptop 43" 2024',1226.26,'2025-12-09 16:59:35'),
(9,'Xiaomi Power Banks X',2276.38,'2025-11-19 16:59:35'),
(10,'Sony Computer Components Max',1207.19,'2025-07-28 16:59:35'),
(11,'Apple Phone Cases Pro',648.36,'2025-03-28 16:59:35'),
(12,'Bosch Jackets S',228.37,'2026-01-18 16:59:35'),
(13,'Xiaomi Car Wax X',270.55,'2025-08-19 16:59:35'),
(14,'LG Coats Ultra',746.69,'2025-04-22 16:59:35'),
(15,'Nikon G Smartphone 2023',2049.4,'2025-06-06 16:59:35'),
(16,'Lenovo Bike Helmets Ultra',1263.49,'2025-09-14 16:59:35'),
(17,'Canon Tops Lite',11.4,'2025-12-30 16:59:35'),
(18,'Apple Strategy Games Lite',570.04,'2026-01-04 16:59:35'),
(19,'LG Ink Cartridges Pro',2968.0,'2025-06-19 16:59:35'),
(20,'Apple Frying Pans X',2492.56,'2025-09-15 16:59:35'),
(21,'Sony Chargers Lite',1752.37,'2025-07-04 16:59:35'),
(22,'Philips Standing Desks X',1870.22,'2025-05-06 16:59:35'),
(23,'Dell Tents S',556.64,'2025-05-19 16:59:35'),
(24,'Asus 3D Puzzles Lite',2178.91,'2025-05-22 16:59:35'),
(25,'DevOps  Guide 2025',1814.56,'2025-10-03 16:59:35'),
(26,'LG Bluetooth Speakers Pro',1541.93,'2025-07-10 16:59:35'),
(27,'Bosch Omega-3 Plus',1268.23,'2026-01-01 16:59:35'),
(28,'Logitech Sofas Ultra',2788.41,'2025-04-06 16:59:35'),
(29,'Garmin Kettles M',1963.98,'2026-01-11 16:59:35'),
(30,'Xiaomi Chargers Lite',2752.9,'2025-06-14 16:59:35'),
(31,'Sony Monitors Plus',1240.16,'2025-07-07 16:59:35'),
(32,'HP Keyboards Plus',1112.66,'2025-12-19 16:59:35'),
(33,'Philips Screen Protectors Ultra',2673.9,'2025-08-18 16:59:35'),
(34,'Logitech Multivitamins Ultra',1773.72,'2025-03-11 16:59:35'),
(35,'Philips 3D Puzzles Plus',2888.68,'2025-03-12 16:59:35'),
(36,'Sci-Fi  Guide 2022',2194.18,'2025-08-12 16:59:35'),
(37,'Sony Chargers G',1642.82,'2025-03-24 16:59:35'),
(38,'Dell Omega-3 X',1061.97,'2026-02-15 16:59:35'),
(39,'Sony Jigsaw Puzzles S',2833.27,'2025-03-17 16:59:35'),
(40,'Apple Backpacks S',1143.73,'2025-03-08 16:59:35'),
(41,'Sony Chargers Max',1921.81,'2025-07-11 16:59:35'),
(42,'Adidas Backpacks S',2803.4,'2026-02-20 16:59:35'),
(43,'Nikon Dumbbells G',2516.72,'2025-04-13 16:59:35'),
(44,'Logitech Car Chargers Pro',937.59,'2025-04-15 16:59:35'),
(45,'Asus Monitors Max',1496.77,'2026-01-10 16:59:35'),
(46,'Garmin STEM Kits Plus',2690.28,'2025-09-06 16:59:35'),
(47,'Lenovo Wi-Fi Routers M',517.12,'2025-08-24 16:59:35'),
(48,'Garmin Watches Lite',987.6,'2026-02-05 16:59:35'),
(49,'Canon Refrigerators Lite',2641.99,'2025-09-14 16:59:35'),
(50,'Adidas Toner Cartridges Lite',417.16,'2025-11-11 16:59:35'),
(51,'Samsung Screwdriver Sets Max',2850.49,'2025-07-21 16:59:35'),
(52,'LG Mirrorless Cameras G',1419.33,'2025-06-19 16:59:35'),
(53,'Bosch Coats M',1486.68,'2025-08-10 16:59:35'),
(54,'Nikon Screwdriver Sets X',233.28,'2025-03-18 16:59:35'),
(55,'Samsung Pruning Shears Plus',1716.03,'2025-08-07 16:59:35'),
(56,'Apple Jump Starters Ultra',1221.51,'2025-06-07 16:59:35'),
(57,'Xiaomi Car Shampoo Lite',2339.96,'2025-03-26 16:59:35'),
(58,'Nikon Soundbars Max',1893.58,'2026-01-31 16:59:35'),
(59,'Philips OBD2 Scanners Max',2056.62,'2025-06-12 16:59:35'),
(60,'Xiaomi Resistance Bands Ultra',2145.52,'2025-10-29 16:59:35'),
(61,'Samsung Sunscreens Ultra',687.1,'2025-08-26 16:59:35'),
(62,'Logitech Moisturizers M',1847.19,'2025-05-22 16:59:35'),
(63,'Asus Wrench Sets Max',1237.33,'2025-09-16 16:59:35'),
(64,'Nikon Yoga Mats Lite',1880.38,'2025-03-05 16:59:35'),
(65,'Logitech Sticky Notes X',1396.48,'2026-01-29 16:59:35'),
(66,'LG Headphones Lite',734.44,'2025-09-17 16:59:35'),
(67,'Adidas Beds Plus',2730.86,'2025-03-10 16:59:35'),
(68,'Sony Headlamps Pro',1328.28,'2025-12-08 16:59:35'),
(69,'Xiaomi Car Shampoo G',2760.07,'2025-06-21 16:59:35'),
(70,'Sony Pruning Shears S',2401.57,'2025-05-29 16:59:35'),
(71,'Dell Lamps G',454.53,'2025-11-21 16:59:35'),
(72,'Logitech Protein Powder G',2837.77,'2025-11-09 16:59:35'),
(73,'Sony Shavers Lite',1323.86,'2025-12-13 16:59:35'),
(74,'HP Angle Grinders M',1547.49,'2025-12-13 16:59:35'),
(75,'Bosch Beds Lite',920.31,'2025-05-13 16:59:35'),
(76,'Xiaomi Bike Pumps G',610.88,'2025-12-01 16:59:35'),
(77,'Apple Headlamps S',92.98,'2025-03-24 16:59:35'),
(78,'Bosch STEM Kits M',2405.19,'2025-12-15 16:59:35'),
(79,'Sony Sleeping Bags Ultra',207.03,'2025-12-02 16:59:35'),
(80,'Bosch Coats Plus',746.36,'2025-11-09 16:59:35'),
(81,'Canon Carpets G',1579.69,'2025-04-26 16:59:35'),
(82,'Apple Backpacks Plus',397.08,'2025-03-13 16:59:35'),
(83,'Dell Tripods Lite',45.37,'2025-07-25 16:59:35'),
(84,'Philips Protein Powder Lite',1863.09,'2025-04-24 16:59:35'),
(85,'LG Multivitamins M',1874.33,'2025-06-11 16:59:35'),
(86,'Canon Bike Pumps Pro',1133.44,'2025-09-29 16:59:35'),
(87,'HP Bike Pumps M',620.75,'2026-01-19 16:59:35'),
(88,'Sci-Fi  Guide 2023',2555.25,'2026-01-09 16:59:35'),
(89,'Dell Tool Kits Lite',2745.31,'2026-01-17 16:59:35'),
(90,'HP Curtains X',1813.34,'2025-06-09 16:59:35'),
(91,'Lenovo Car Wax Max',410.45,'2025-07-02 16:59:35'),
(92,'Sony Multivitamins Plus',1169.81,'2025-10-10 16:59:35'),
(93,'Dell Backpacks Lite',1214.3,'2026-02-15 16:59:35'),
(94,'LG Monitors Lite',1713.99,'2025-09-01 16:59:35'),
(95,'Philips Impact Drivers Max',2117.08,'2026-01-20 16:59:35'),
(96,'Logitech Carpets Lite',2410.49,'2025-11-03 16:59:35'),
(97,'Samsung Computer Components M',1843.95,'2025-12-18 16:59:35'),
(98,'Lenovo Wi-Fi Routers Ultra',353.68,'2025-05-29 16:59:35'),
(99,'Nike Network Switches Max',1743.53,'2025-05-09 16:59:35'),
(100,'Sony Treadmills Max',987.2,'2025-10-27 16:59:35'),
(101,'Philips Bike Helmets S',638.14,'2025-09-09 16:59:35'),
(102,'Sci-Fi  Guide 2023',1229.78,'2025-09-02 16:59:35'),
(103,'Bosch Sneakers Lite',1818.56,'2025-04-19 16:59:35'),
(104,'Apple Jump Starters X',2680.61,'2026-02-25 16:59:35'),
(105,'Bosch Garden Hoses Lite',1517.81,'2025-08-23 16:59:35'),
(106,'Xiaomi GPS Navigators Plus',2734.77,'2025-05-22 16:59:35'),
(107,'Dell Leggings X',2640.72,'2026-02-20 16:59:35'),
(108,'Canon Car Shampoo Ultra',1223.17,'2025-06-04 16:59:35'),
(109,'Adidas Tire Inflators Plus',1411.82,'2025-03-07 16:59:35'),
(110,'Samsung T-Shirts Lite',826.19,'2026-02-06 16:59:35'),
(111,'Lenovo Carpets S',1713.02,'2025-11-29 16:59:35'),
(112,'Logitech Dresses G',1930.36,'2026-02-24 16:59:35'),
(113,'Bosch GPS Navigators Pro',353.15,'2025-04-26 16:59:35'),
(114,'Xiaomi Blenders G',1210.64,'2025-03-27 16:59:35'),
(115,'Bosch Refrigerators Pro',304.35,'2025-07-08 16:59:35'),
(116,'Adidas Jigsaw Puzzles M',1626.05,'2025-09-30 16:59:35'),
(117,'LG Printers G',2430.48,'2025-04-10 16:59:35'),
(118,'Samsung Standing Desks S',2791.15,'2025-05-22 16:59:35'),
(119,'HP Resistance Bands G',1630.43,'2026-01-01 16:59:35'),
(120,'Garmin Belts S',860.45,'2025-09-22 16:59:35'),
(121,'Philips Beds M',864.38,'2026-01-31 16:59:35'),
(122,'Nike Folders Plus',90.31,'2025-07-05 16:59:35'),
(123,'HP Keyboards S',2266.38,'2025-09-17 16:59:35'),
(124,'Adidas Party Games S',159.96,'2025-08-12 16:59:35'),
(125,'Asus Tire Inflators S',2160.17,'2025-07-08 16:59:35'),
(126,'Samsung Air Fryers M',304.42,'2025-10-27 16:59:35'),
(127,'Asus Drills Max',160.69,'2025-10-01 16:59:35'),
(128,'Lenovo 15" 4K Smart TV',1589.01,'2025-05-04 16:59:35'),
(129,'Dell Watches S',1372.09,'2025-07-14 16:59:35'),
(130,'Canon Toner Cartridges X',2336.11,'2025-11-28 16:59:35'),
(131,'Nike Streaming Devices Ultra',722.84,'2025-04-29 16:59:35'),
(132,'Nike Party Games M',1878.67,'2025-09-01 16:59:35'),
(133,'Lenovo Saucepans Plus',2262.51,'2025-06-07 16:59:35'),
(134,'Lenovo Headlamps Pro',1888.93,'2025-03-06 16:59:35'),
(135,'Canon Frying Pans Pro',1873.8,'2025-04-23 16:59:35'),
(136,'Xiaomi Pens Max',2269.8,'2026-02-11 16:59:35'),
(137,'Asus Sticky Notes X',1457.18,'2025-08-30 16:59:35'),
(138,'Adidas Carpets G',2237.02,'2025-04-09 16:59:35'),
(139,'Nikon 24" 4K Smart TV',1278.83,'2025-07-12 16:59:35'),
(140,'Dell OBD2 Scanners X',468.86,'2026-01-01 16:59:35'),
(141,'HP Sofas S',1964.87,'2025-12-24 16:59:35'),
(142,'Adidas Treadmills Max',1635.45,'2025-10-09 16:59:35'),
(143,'Garmin Printers G',903.61,'2025-03-06 16:59:35'),
(144,'Lenovo Beds Max',2088.35,'2025-11-10 16:59:35'),
(145,'Adidas GPS Navigators Plus',2646.31,'2025-06-22 16:59:35'),
(146,'Entrepreneurship  Guide 2022',974.1,'2025-10-13 16:59:35'),
(147,'Xiaomi Standing Desks G',1595.32,'2025-08-05 16:59:35'),
(148,'Asus Wardrobes S',2903.62,'2025-11-21 16:59:35'),
(149,'Philips Power Banks X',82.1,'2026-02-11 16:59:35'),
(150,'Bosch Toner Cartridges Lite',2219.1,'2025-09-06 16:59:35'),
(151,'Dell Dresses Ultra',538.0,'2025-10-20 16:59:35'),
(152,'Nike Tool Kits Pro',671.5,'2025-03-31 16:59:35'),
(153,'Nike Network Switches Pro',1957.09,'2025-10-04 16:59:35'),
(154,'Nike Toner Cartridges M',261.29,'2025-04-12 16:59:35'),
(155,'LG Omega-3 X',263.24,'2026-01-20 16:59:35'),
(156,'LG Wi-Fi Routers S',743.89,'2025-06-22 16:59:35'),
(157,'Logitech GPS Navigators X',2296.47,'2025-09-19 16:59:35'),
(158,'Adidas Carpets Ultra',1486.04,'2025-12-02 16:59:35'),
(159,'Sony Protein Powder Pro',1237.7,'2026-02-06 16:59:35'),
(160,'Apple Tool Kits S',2503.13,'2025-10-25 16:59:35'),
(161,'Sci-Fi  Guide 2024',2133.15,'2025-04-27 16:59:35'),
(162,'Canon Building Blocks Ultra',744.69,'2025-05-24 16:59:35'),
(163,'HP Jackets X',621.04,'2025-10-05 16:59:35'),
(164,'Xiaomi Sofas Pro',1419.61,'2025-04-29 16:59:35'),
(165,'Fantasy  Guide 2022',2261.86,'2025-03-10 16:59:35'),
(166,'Samsung Tents X',334.93,'2025-06-04 16:59:35'),
(167,'Asus Dishwashers G',1788.4,'2025-06-24 16:59:35'),
(168,'Xiaomi Camera Lenses S',525.8,'2025-08-08 16:59:35'),
(169,'Garmin Sticky Notes Plus',1459.42,'2025-09-24 16:59:35'),
(170,'Sony Carpets G',2589.1,'2025-09-22 16:59:35'),
(171,'Dell Dishwashers S',2928.32,'2025-11-21 16:59:35'),
(172,'Samsung Cookware Sets Lite',2677.65,'2025-10-29 16:59:35'),
(173,'Nikon Sneakers Lite',2142.72,'2026-01-06 16:59:35'),
(174,'Canon Network Switches Ultra',2318.07,'2025-05-15 16:59:35'),
(175,'Logitech 3D Puzzles Ultra',1914.52,'2026-01-13 16:59:35'),
(176,'Samsung Bike Lights Ultra',1719.9,'2025-06-01 16:59:35'),
(177,'Dell Washing Machines Ultra',256.45,'2025-07-18 16:59:35'),
(178,'Logitech Sunscreens Max',2670.06,'2026-02-20 16:59:35'),
(179,'Logitech Power Banks Plus',66.89,'2025-06-06 16:59:35'),
(180,'Sony Tripods G',633.13,'2025-12-05 16:59:35'),
(181,'Garmin Bike Pumps Ultra',2840.31,'2025-08-08 16:59:35'),
(182,'Bosch Beds Max',1673.6,'2025-10-27 16:59:35'),
(183,'Sony Sunscreens X',232.28,'2025-05-12 16:59:35'),
(184,'Management  Guide 2022',1965.26,'2025-03-08 16:59:35'),
(185,'Garmin Jackets Lite',887.46,'2025-04-29 16:59:35'),
(186,'Apple Car Shampoo Lite',2705.57,'2025-05-18 16:59:35'),
(187,'DevOps  Guide 2024',2862.72,'2025-09-18 16:59:35'),
(188,'Management  Guide 2023',607.82,'2025-04-27 16:59:35'),
(189,'Xiaomi Beds G',2174.13,'2025-08-18 16:59:35'),
(190,'Bosch Impact Drivers Max',314.57,'2026-01-14 16:59:35'),
(191,'HP Projectors Ultra',587.56,'2025-03-20 16:59:35'),
(192,'Sony Treadmills Max',687.47,'2025-05-21 16:59:35'),
(193,'Canon Sunglasses Max',1031.54,'2025-10-06 16:59:35'),
(194,'Dell Bike Helmets Lite',2302.91,'2026-02-18 16:59:35'),
(195,'Adidas Tents S',1872.84,'2025-09-23 16:59:35'),
(196,'Adidas Moisturizers Lite',1984.08,'2026-01-07 16:59:35'),
(197,'Xiaomi Monitors X',574.38,'2025-08-06 16:59:35'),
(198,'LG Watches M',1139.05,'2025-11-17 16:59:35'),
(199,'Nike Microfiber Towels Max',1838.19,'2025-05-22 16:59:35'),
(200,'Nike Car Shampoo M',709.4,'2026-01-09 16:59:35'),
(201,'Dell Bike Helmets Lite',2960.46,'2025-11-21 16:59:35'),
(202,'Lenovo Cleansers Pro',1885.06,'2025-06-11 16:59:35'),
(203,'Dell Power Banks Lite',1438.87,'2025-10-01 16:59:35'),
(204,'Adidas Lamps Max',2787.88,'2025-09-02 16:59:35'),
(205,'LG Treadmills G',2920.99,'2025-05-10 16:59:35'),
(206,'Sony Jigsaw Puzzles M',2746.11,'2025-05-27 16:59:35'),
(207,'Adidas Dash Cams Ultra',376.72,'2025-03-03 16:59:35'),
(208,'Philips Hair Dryers Lite',2277.38,'2025-09-03 16:59:35'),
(209,'HP Mirrorless Cameras M',2435.63,'2025-10-20 16:59:35'),
(210,'HP Leggings Ultra',929.86,'2026-02-08 16:59:35'),
(211,'Bosch Omega-3 Pro',484.05,'2025-09-28 16:59:35'),
(212,'Dell Storage M',1165.26,'2025-12-18 16:59:35'),
(213,'Adidas Action Cameras M',403.1,'2025-07-04 16:59:35'),
(214,'Samsung Lamps Pro',2167.66,'2025-05-15 16:59:35'),
(215,'LG Backpacks G',1042.87,'2026-01-15 16:59:35'),
(216,'Canon Shavers Plus',1462.5,'2025-10-25 16:59:35'),
(217,'Canon Jigsaw Puzzles S',360.92,'2025-04-29 16:59:35'),
(218,'Adidas Bike Pumps M',1566.81,'2025-10-03 16:59:35'),
(219,'Adidas Computer Components Pro',895.17,'2026-01-11 16:59:35'),
(220,'Bosch Sunglasses X',2258.13,'2025-08-05 16:59:35'),
(221,'Sony Office Chairs Lite',382.08,'2025-10-16 16:59:35'),
(222,'Bosch Headlamps Pro',1432.37,'2025-04-24 16:59:35'),
(223,'Asus 3D Puzzles M',925.82,'2025-09-20 16:59:35'),
(224,'Sony Garden Gloves X',2600.8,'2025-10-03 16:59:35'),
(225,'HP OBD2 Scanners Lite',1952.01,'2025-10-03 16:59:35'),
(226,'Sony 27" 4K Smart TV',2379.14,'2025-05-04 16:59:35'),
(227,'Nikon Notebooks Pro',895.35,'2025-08-02 16:59:35'),
(228,'HP Wall Art Max',1327.89,'2025-10-18 16:59:35'),
(229,'Bosch Bike Pumps Ultra',1075.92,'2025-12-26 16:59:35'),
(230,'Nike Keyboards Pro',1370.07,'2025-08-09 16:59:35'),
(231,'Garmin Wall Art Ultra',2802.46,'2025-10-29 16:59:35'),
(232,'Lenovo Washing Machines Plus',2578.42,'2026-02-19 16:59:35'),
(233,'Lenovo X Smartphone 2024',2698.99,'2025-03-10 16:59:35'),
(234,'Sci-Fi  Guide 2023',582.6,'2025-03-27 16:59:35'),
(235,'Nike Bluetooth Speakers X',2884.45,'2025-07-20 16:59:35'),
(236,'Dell Backpacks X',2090.88,'2025-10-15 16:59:35'),
(237,'HP Power Banks Lite',2585.98,'2025-05-02 16:59:35'),
(238,'Lenovo Shavers Plus',551.23,'2025-06-30 16:59:35'),
(239,'Management  Guide 2024',2413.1,'2025-11-25 16:59:35'),
(240,'Logitech Soundbars Lite',2931.62,'2025-06-02 16:59:35'),
(241,'Xiaomi Coffee Makers Ultra',1923.38,'2025-04-17 16:59:35'),
(242,'Nikon Chargers M',230.69,'2025-03-25 16:59:35'),
(243,'Nike Standing Desks M',760.19,'2025-12-18 16:59:35'),
(244,'Nike Mirrorless Cameras Lite',745.23,'2025-07-22 16:59:35'),
(245,'Apple Sticky Notes Ultra',2373.18,'2025-05-18 16:59:35'),
(246,'Nikon Storage S',17.94,'2025-11-12 16:59:35'),
(247,'Sony Camera Lenses M',2332.53,'2025-09-02 16:59:35'),
(248,'Entrepreneurship  Guide 2024',1521.82,'2026-01-20 16:59:35'),
(249,'HP Bike Lights Ultra',345.2,'2025-10-11 16:59:35'),
(250,'Management  Guide 2024',2361.82,'2025-06-30 16:59:35'),
(251,'Asus Sleeping Bags G',791.39,'2025-06-13 16:59:35'),
(252,'Samsung Sunscreens G',2619.9,'2025-06-02 16:59:35'),
(253,'Apple Mesh Systems G',2420.45,'2025-11-14 16:59:35'),
(254,'Xiaomi Protein Powder Pro',226.87,'2025-06-01 16:59:35'),
(255,'Sci-Fi  Guide 2022',939.91,'2025-03-23 16:59:35'),
(256,'Logitech Wardrobes Plus',2298.22,'2025-11-12 16:59:35'),
(257,'Mystery  Guide 2025',771.95,'2025-05-22 16:59:35'),
(258,'Nikon Shavers Pro',954.22,'2025-10-27 16:59:35'),
(259,'Lenovo Moisturizers Pro',393.96,'2026-01-03 16:59:35'),
(260,'Nikon Wi-Fi Routers M',2237.36,'2025-03-22 16:59:35'),
(261,'Canon Blenders M',433.22,'2025-09-19 16:59:35'),
(262,'Garmin Dining Tables S',2807.33,'2025-03-19 16:59:35'),
(263,'Asus Sunscreens Plus',767.08,'2025-12-09 16:59:35'),
(264,'Canon Blenders G',267.18,'2025-06-26 16:59:35'),
(265,'Adidas Beds Lite',128.62,'2025-09-24 16:59:35'),
(266,'Mystery  Guide 2023',1393.15,'2025-09-19 16:59:35'),
(267,'Bosch Dishwashers S',2346.21,'2025-06-20 16:59:35'),
(268,'Asus Curtains Ultra',2381.89,'2025-05-24 16:59:35'),
(269,'Bosch Washing Machines Lite',1785.71,'2025-08-06 16:59:35'),
(270,'Garmin Yoga Mats Ultra',2589.54,'2025-06-14 16:59:35'),
(271,'Canon Dresses Max',151.01,'2025-07-21 16:59:35'),
(272,'Apple Cookware Sets M',554.32,'2025-07-14 16:59:35'),
(273,'Lenovo Tops Plus',319.18,'2025-03-31 16:59:35'),
(274,'Philips Multivitamins Ultra',2299.4,'2025-05-02 16:59:35'),
(275,'Bosch Wall Art G',258.66,'2025-09-13 16:59:35'),
(276,'Logitech Microwaves Pro',913.68,'2026-01-07 16:59:35'),
(277,'Samsung Sleeping Bags Lite',461.09,'2025-12-31 16:59:35'),
(278,'Lenovo Storage Plus',1237.93,'2025-11-02 16:59:35'),
(279,'Dell Shavers M',2122.74,'2025-07-13 16:59:35'),
(280,'Nikon Protein Powder S',450.09,'2025-06-14 16:59:35'),
(281,'Nikon Cookware Sets S',418.68,'2025-11-21 16:59:35'),
(282,'Asus T-Shirts Max',883.29,'2025-08-25 16:59:35'),
(283,'Dell Dishwashers Pro',2546.14,'2026-01-18 16:59:35'),
(284,'Apple Printers Plus',1984.65,'2025-04-05 16:59:35'),
(285,'Lenovo Tool Kits M',2070.73,'2026-02-06 16:59:35'),
(286,'Philips Car Wax Lite',2352.08,'2025-07-12 16:59:35'),
(287,'Canon Tire Inflators Max',1183.38,'2025-04-01 16:59:35'),
(288,'Adidas Dresses Plus',1496.36,'2025-07-23 16:59:35'),
(289,'Bosch Network Switches Lite',1430.9,'2025-05-26 16:59:35'),
(290,'Management  Guide 2022',2230.89,'2025-10-04 16:59:35'),
(291,'Garmin Mesh Systems Plus',2107.1,'2025-12-10 16:59:35'),
(292,'Apple Moisturizers S',369.81,'2025-04-03 16:59:35'),
(293,'Xiaomi Leggings Pro',1137.75,'2025-12-26 16:59:35'),
(294,'Adidas Resistance Bands Plus',226.08,'2025-03-20 16:59:35'),
(295,'Philips Wall Art Plus',793.07,'2026-02-07 16:59:35'),
(296,'Garmin Camera Lenses S',1849.61,'2025-09-03 16:59:35'),
(297,'Lenovo Ink Cartridges Max',1885.74,'2026-01-13 16:59:35'),
(298,'Canon Coats Max',835.75,'2025-10-25 16:59:35'),
(299,'Bosch Yoga Mats S',124.02,'2025-05-10 16:59:35'),
(300,'Xiaomi Headlamps Plus',1490.14,'2025-10-30 16:59:35'),
(301,'Lenovo Mesh Systems Plus',693.19,'2026-02-13 16:59:35'),
(302,'Logitech Blenders Pro',2780.16,'2025-09-19 16:59:35'),
(303,'Garmin Blenders M',246.33,'2025-12-14 16:59:35'),
(304,'Adidas Angle Grinders Plus',1046.53,'2025-03-11 16:59:35'),
(305,'Lenovo OBD2 Scanners S',2062.78,'2025-06-08 16:59:35'),
(306,'HP Network Switches X',1868.61,'2025-11-08 16:59:35'),
(307,'Nike Printers X',1250.24,'2025-09-05 16:59:35'),
(308,'Management  Guide 2023',1093.03,'2026-02-26 16:59:35'),
(309,'Logitech STEM Kits Ultra',2633.65,'2025-04-06 16:59:35'),
(310,'Nike Bluetooth Speakers Max',2548.37,'2025-11-19 16:59:35'),
(311,'Garmin Electric Toothbrushes Pro',496.07,'2025-09-29 16:59:35'),
(312,'Samsung Tents X',769.14,'2025-11-16 16:59:35'),
(313,'Bosch Jump Starters Plus',2150.68,'2025-07-08 16:59:35'),
(314,'Adidas Sunscreens Ultra',1008.17,'2025-06-14 16:59:35'),
(315,'Dell Printers S',1927.32,'2025-05-05 16:59:35'),
(316,'Xiaomi Omega-3 Ultra',384.4,'2025-09-10 16:59:35'),
(317,'Management  Guide 2023',2921.69,'2025-10-29 16:59:35'),
(318,'Dell Shavers Plus',2065.88,'2025-10-02 16:59:35'),
(319,'DevOps  Guide 2023',155.61,'2026-03-02 16:59:35'),
(320,'Samsung Pruning Shears Lite',865.25,'2025-12-02 16:59:35'),
(321,'Bosch 13" 4K Smart TV',2499.97,'2025-11-04 16:59:35'),
(322,'Sony Sneakers Plus',1321.97,'2026-01-28 16:59:35'),
(323,'Bosch Coffee Makers S',2298.45,'2025-12-22 16:59:35'),
(324,'Lenovo Electric Toothbrushes M',855.23,'2025-05-16 16:59:35'),
(325,'LG Action Cameras M',2801.29,'2025-07-08 16:59:35'),
(326,'Canon Sleeping Bags Max',464.05,'2025-03-11 16:59:35'),
(327,'Dell Printers Plus',1879.61,'2025-07-20 16:59:35'),
(328,'Sony Kettles G',611.28,'2025-12-09 16:59:35'),
(329,'Samsung Folders Ultra',202.48,'2025-08-07 16:59:35'),
(330,'Apple Power Banks Ultra',1015.52,'2025-05-12 16:59:35'),
(331,'Canon Refrigerators G',106.02,'2025-08-28 16:59:35'),
(332,'Bosch Folders M',182.35,'2025-12-08 16:59:35'),
(333,'Entrepreneurship  Guide 2023',2817.24,'2025-07-07 16:59:35'),
(334,'Samsung Watches Ultra',2573.24,'2025-05-27 16:59:35'),
(335,'Sony 15" 4K Smart TV',81.72,'2025-12-11 16:59:35'),
(336,'Logitech Phone Cases G',41.3,'2025-06-17 16:59:35'),
(337,'Apple Jeans M',802.15,'2025-07-05 16:59:35'),
(338,'Garmin Building Blocks S',930.76,'2025-11-29 16:59:35'),
(339,'Management  Guide 2025',2521.36,'2025-09-27 16:59:35'),
(340,'Apple Jigsaw Puzzles Pro',1734.66,'2025-06-26 16:59:35'),
(341,'Philips Dresses M',1974.32,'2025-09-04 16:59:35'),
(342,'Sci-Fi  Guide 2024',844.84,'2026-01-30 16:59:35'),
(343,'LG Standing Desks Plus',1011.05,'2025-06-02 16:59:35'),
(344,'Dell Mice M',920.4,'2025-06-15 16:59:35'),
(345,'LG Curtains Ultra',437.38,'2025-08-28 16:59:35'),
(346,'Apple Sunglasses Pro',1205.17,'2025-03-28 16:59:35'),
(347,'Adidas Headphones M',2521.18,'2025-06-14 16:59:35'),
(348,'HP Garden Gloves X',208.84,'2025-12-28 16:59:35'),
(349,'Adidas Toner Cartridges S',1425.29,'2025-06-22 16:59:35'),
(350,'HP Coats Plus',219.14,'2025-09-17 16:59:35'),
(351,'HP Wall Art X',1580.0,'2025-03-07 16:59:35'),
(352,'Bosch Multivitamins Pro',644.73,'2026-01-11 16:59:35'),
(353,'Nikon Strategy Games S',1519.49,'2025-12-17 16:59:35'),
(354,'LG Soundbars G',1314.17,'2025-10-27 16:59:35'),
(355,'Bosch Screwdriver Sets M',697.77,'2026-01-03 16:59:35'),
(356,'Samsung Ink Cartridges M',2760.63,'2025-11-27 16:59:35'),
(357,'Nikon Yoga Mats Plus',1784.15,'2025-12-31 16:59:35'),
(358,'Dell Wall Art M',1411.35,'2025-07-11 16:59:35'),
(359,'Database  Guide 2025',2968.35,'2025-09-23 16:59:35'),
(360,'Dell Pruning Shears G',342.04,'2025-06-05 16:59:35'),
(361,'Dell Building Blocks Max',2395.04,'2025-11-18 16:59:35'),
(362,'Sony Frying Pans Ultra',2611.58,'2026-03-01 16:59:35'),
(363,'Logitech Microwaves X',1367.65,'2025-12-01 16:59:35'),
(364,'Canon Garden Hoses Lite',1472.29,'2026-01-25 16:59:35'),
(365,'LG Chargers M',1327.03,'2025-11-08 16:59:35'),
(366,'Sony Blenders G',2566.58,'2025-12-08 16:59:35'),
(367,'Dell Phone Cases X',543.81,'2025-08-19 16:59:35'),
(368,'Philips Building Blocks Lite',2503.28,'2025-05-01 16:59:35'),
(369,'Bosch Camera Lenses Pro',2549.1,'2026-01-11 16:59:35'),
(370,'Garmin Jigsaw Puzzles Max',273.98,'2026-01-28 16:59:35'),
(371,'Adidas Notebooks Lite',1684.3,'2025-10-08 16:59:35'),
(372,'Adidas Desktops X',2535.5,'2025-07-22 16:59:35'),
(373,'Lenovo Filing Cabinets Lite',550.2,'2025-05-06 16:59:35'),
(374,'Nikon Shavers Pro',396.01,'2025-04-30 16:59:35'),
(375,'Philips Curtains Plus',596.5,'2025-04-06 16:59:35'),
(376,'Philips Washing Machines Plus',2311.68,'2025-06-12 16:59:35'),
(377,'Xiaomi Chargers S',1130.09,'2026-01-09 16:59:35'),
(378,'Nikon Cookware Sets Ultra',1524.39,'2025-04-19 16:59:35'),
(379,'Canon Bike Helmets Lite',1482.75,'2025-05-01 16:59:35'),
(380,'Nike 43" 4K Smart TV',1948.55,'2025-06-25 16:59:35'),
(381,'Lenovo Dresses S',1807.77,'2025-10-17 16:59:35'),
(382,'Philips Phone Cases S',1006.53,'2025-12-26 16:59:35'),
(383,'Entrepreneurship  Guide 2022',2019.46,'2025-07-05 16:59:35'),
(384,'Philips Coats Ultra',1783.96,'2025-07-08 16:59:35'),
(385,'Xiaomi Backpacks X',315.18,'2025-12-29 16:59:35'),
(386,'LG Pens G',2690.58,'2025-04-16 16:59:35'),
(387,'Apple Jeans X',100.49,'2025-12-29 16:59:35'),
(388,'Philips Moisturizers Pro',2007.22,'2025-05-20 16:59:35'),
(389,'Philips Chargers Ultra',1399.87,'2025-08-10 16:59:35'),
(390,'Management  Guide 2022',2977.88,'2025-09-20 16:59:35'),
(391,'Asus Angle Grinders M',2106.11,'2025-03-31 16:59:35'),
(392,'Bosch Treadmills Lite',1558.38,'2025-12-26 16:59:35'),
(393,'Philips Backpacks Ultra',1551.53,'2025-04-20 16:59:35'),
(394,'Sony Jump Starters Pro',508.88,'2026-01-28 16:59:35'),
(395,'Database  Guide 2022',1305.08,'2025-05-20 16:59:35'),
(396,'Philips Sneakers Pro',335.58,'2025-09-29 16:59:35'),
(397,'LG Folders Max',911.65,'2025-11-16 16:59:35'),
(398,'Sony 14" 4K Smart TV',1991.44,'2025-11-17 16:59:35'),
(399,'Nike Beds X',2334.65,'2025-07-06 16:59:35'),
(400,'Nikon Coats Pro',2969.46,'2025-12-28 16:59:35'),
(401,'LG Mirrorless Cameras G',421.57,'2025-04-24 16:59:35'),
(402,'Logitech Wrench Sets Ultra',440.43,'2025-12-15 16:59:35'),
(403,'Canon Action Cameras Max',1245.99,'2025-03-07 16:59:35'),
(404,'LG Mesh Systems S',478.09,'2025-11-28 16:59:35'),
(405,'Bosch Computer Components Max',1485.37,'2025-12-05 16:59:35'),
(406,'Samsung GPS Navigators S',1254.24,'2025-04-11 16:59:35'),
(407,'LG Frying Pans S',993.06,'2025-11-07 16:59:35'),
(408,'Mystery  Guide 2022',1189.39,'2025-08-02 16:59:35'),
(409,'Xiaomi Omega-3 Lite',1109.89,'2025-10-07 16:59:35'),
(410,'Bosch Tents X',1949.66,'2025-08-19 16:59:35'),
(411,'Samsung Soundbars Plus',2508.58,'2025-04-02 16:59:35'),
(412,'Bosch Bike Pumps M',974.86,'2025-06-24 16:59:35'),
(413,'Philips Headphones Pro',950.09,'2025-11-04 16:59:35'),
(414,'Logitech Bike Lights G',2202.06,'2025-09-09 16:59:35'),
(415,'LG Office Chairs Pro',2065.84,'2025-08-31 16:59:35'),
(416,'Philips Jeans Plus',637.28,'2025-12-28 16:59:35'),
(417,'HP Wardrobes G',362.53,'2025-08-25 16:59:35'),
(418,'Sony Tool Kits Lite',763.38,'2025-07-18 16:59:35'),
(419,'Canon Jump Starters X',1212.84,'2025-07-26 16:59:35'),
(420,'LG Hair Dryers Max',1196.08,'2025-06-25 16:59:35'),
(421,'Adidas Microwaves Pro',958.9,'2025-05-20 16:59:35'),
(422,'Nike Kitchen Knives Pro',2999.17,'2025-11-08 16:59:35'),
(423,'Sony Tops M',424.12,'2025-08-23 16:59:35'),
(424,'Apple Sunscreens Lite',1743.68,'2025-03-04 16:59:35'),
(425,'Garmin Omega-3 S',1013.01,'2026-01-16 16:59:35'),
(426,'Sony STEM Kits Ultra',2346.36,'2025-10-13 16:59:35'),
(427,'Dell Car Chargers S',2273.18,'2026-02-11 16:59:35'),
(428,'LG Tire Inflators G',966.55,'2025-04-07 16:59:35'),
(429,'Philips Soundbars M',2138.79,'2026-02-24 16:59:35'),
(430,'Nike Tops M',350.48,'2025-06-18 16:59:35'),
(431,'Adidas Backpacks M',428.55,'2025-05-04 16:59:35'),
(432,'Xiaomi Pruning Shears G',1228.72,'2025-10-09 16:59:35'),
(433,'Garmin Refrigerators G',1315.85,'2025-09-16 16:59:35'),
(434,'Garmin Car Wax Max',1653.12,'2025-05-26 16:59:35'),
(435,'Adidas Toner Cartridges Lite',54.05,'2025-05-24 16:59:35'),
(436,'Bosch Curtains M',2054.38,'2025-10-19 16:59:35'),
(437,'Nikon Office Chairs X',2314.92,'2025-05-16 16:59:35'),
(438,'Bosch Cleansers X',280.31,'2025-11-07 16:59:35'),
(439,'DevOps  Guide 2025',1729.18,'2025-07-11 16:59:35'),
(440,'Xiaomi Phone Cases S',737.25,'2025-06-19 16:59:35'),
(441,'Sony 3D Puzzles M',547.33,'2025-09-29 16:59:35'),
(442,'Nikon Bike Pumps S',1465.53,'2025-06-28 16:59:35'),
(443,'LG Car Chargers Plus',1506.84,'2025-05-17 16:59:35'),
(444,'Philips Moisturizers Ultra',1658.99,'2025-08-19 16:59:35'),
(445,'Nikon Mesh Systems X',2419.19,'2025-04-21 16:59:35'),
(446,'Dell Microfiber Towels Lite',2958.3,'2025-11-30 16:59:35'),
(447,'Programming  Guide 2023',2297.0,'2025-12-25 16:59:35'),
(448,'Philips Jigsaw Puzzles X',1098.41,'2025-07-28 16:59:35'),
(449,'Xiaomi Tool Kits Max',755.09,'2025-03-12 16:59:35'),
(450,'Xiaomi Notebooks Plus',866.55,'2025-12-14 16:59:35'),
(451,'Garmin Frying Pans Max',825.12,'2025-07-25 16:59:35'),
(452,'Logitech Cookware Sets Ultra',2622.7,'2025-05-22 16:59:35'),
(453,'Dell Garden Hoses Max',1635.92,'2025-05-24 16:59:35'),
(454,'Xiaomi Car Chargers Plus',172.44,'2025-09-03 16:59:35'),
(455,'Asus Microfiber Towels G',1363.96,'2025-09-07 16:59:35'),
(456,'Lenovo Multivitamins M',819.45,'2025-08-27 16:59:35'),
(457,'Sony Kettles M',339.66,'2026-02-01 16:59:35'),
(458,'Nike Chargers Pro',314.99,'2025-12-16 16:59:35'),
(459,'Philips Tripods Plus',1067.3,'2025-05-13 16:59:35'),
(460,'Management  Guide 2022',1245.74,'2025-05-14 16:59:35'),
(461,'Logitech Hair Dryers M',240.8,'2025-11-26 16:59:35'),
(462,'Sony Camera Lenses M',2086.88,'2026-01-09 16:59:35'),
(463,'Lenovo Building Blocks Max',1257.64,'2025-11-05 16:59:35'),
(464,'Garmin Power Banks Pro',1677.13,'2025-12-14 16:59:35'),
(465,'Nike Streaming Devices Plus',1013.52,'2026-02-24 16:59:35'),
(466,'Dell Mesh Systems S',2805.53,'2025-03-12 16:59:35'),
(467,'Adidas Sleeping Bags Ultra',268.33,'2025-11-22 16:59:35'),
(468,'Samsung 3D Puzzles Max',344.08,'2025-08-03 16:59:35'),
(469,'Samsung Backpacks Ultra',2490.93,'2026-02-17 16:59:35'),
(470,'Sony Bike Lights Pro',1119.97,'2025-06-20 16:59:35'),
(471,'Asus Angle Grinders S',1058.22,'2025-06-22 16:59:35'),
(472,'Apple Tops Lite',794.16,'2025-12-26 16:59:35'),
(473,'Adidas Bike Pumps M',2027.94,'2025-10-20 16:59:35'),
(474,'Canon Blenders Ultra',610.41,'2025-06-18 16:59:35'),
(475,'Garmin Yoga Mats Lite',2353.13,'2025-08-19 16:59:35'),
(476,'Xiaomi Blenders M',1727.03,'2025-12-20 16:59:35'),
(477,'HP Monitors Plus',704.32,'2025-08-03 16:59:35'),
(478,'Lenovo Lamps Pro',2373.04,'2025-12-03 16:59:35'),
(479,'Logitech Power Banks Lite',1330.41,'2025-03-24 16:59:35'),
(480,'Dell Folders X',2012.56,'2025-04-06 16:59:35'),
(481,'Bosch Chargers Ultra',1263.11,'2026-02-08 16:59:35'),
(482,'Adidas Kettles Lite',1144.62,'2025-07-26 16:59:35'),
(483,'Sony Office Chairs G',2923.35,'2025-03-09 16:59:35'),
(484,'Samsung Backpacks S',2863.1,'2025-10-05 16:59:35'),
(485,'Dell Network Switches Max',624.69,'2025-11-09 16:59:35'),
(486,'Adidas Wardrobes Ultra',2792.88,'2025-05-13 16:59:35'),
(487,'Adidas Sunscreens Pro',586.06,'2025-05-10 16:59:35'),
(488,'Asus Electric Toothbrushes G',1108.37,'2025-05-02 16:59:35'),
(489,'Dell Saucepans Max',2950.6,'2025-08-26 16:59:35'),
(490,'LG Mice Plus',970.61,'2025-12-25 16:59:35'),
(491,'Logitech Cookware Sets M',1625.54,'2025-12-17 16:59:35'),
(492,'Logitech GPS Navigators Plus',2841.9,'2025-04-12 16:59:35'),
(493,'Apple Coffee Makers Max',2765.77,'2026-02-11 16:59:35'),
(494,'HP Camera Lenses X',1918.21,'2025-04-24 16:59:35'),
(495,'Nikon Tents X',1813.27,'2025-11-07 16:59:35'),
(496,'Lenovo Storage Ultra',2832.75,'2026-02-12 16:59:35'),
(497,'Bosch Watches M',165.14,'2025-05-24 16:59:35'),
(498,'Bosch Action Cameras Lite',2883.96,'2025-03-14 16:59:35'),
(499,'Garmin Belts Max',1400.62,'2025-06-03 16:59:35'),
(500,'HP Desktops Plus',2916.01,'2025-08-21 16:59:35'),
(501,'Philips Wrench Sets G',759.75,'2025-08-11 16:59:35'),
(502,'Dell T-Shirts S',1294.55,'2025-12-27 16:59:35'),
(503,'Adidas Microwaves G',707.68,'2026-01-14 16:59:35'),
(504,'HP Party Games G',1531.46,'2025-07-27 16:59:35'),
(505,'Adidas Mirrorless Cameras Lite',1669.28,'2025-09-24 16:59:35'),
(506,'Adidas Moisturizers Plus',1920.37,'2026-01-20 16:59:35'),
(507,'Philips G Laptop 27" 2022',1496.69,'2025-11-20 16:59:35'),
(508,'Apple Jackets G',1208.7,'2025-11-11 16:59:35'),
(509,'Nikon Wrench Sets Pro',278.91,'2025-11-11 16:59:35'),
(510,'Samsung Tents Ultra',2910.66,'2025-07-23 16:59:35'),
(511,'Samsung Watches Max',847.91,'2025-03-27 16:59:35'),
(512,'Bosch Toner Cartridges Pro',771.39,'2026-01-20 16:59:35'),
(513,'Canon Bluetooth Speakers X',1669.96,'2025-04-08 16:59:35'),
(514,'Garmin Tool Kits Ultra',878.93,'2026-02-05 16:59:35'),
(515,'Adidas Headlamps Lite',1943.35,'2026-02-18 16:59:35'),
(516,'Nike Yoga Mats Ultra',2058.49,'2026-03-01 16:59:35'),
(517,'Nike OBD2 Scanners Ultra',361.74,'2025-10-31 16:59:35'),
(518,'Asus Sunscreens Pro',2759.42,'2025-03-13 16:59:35'),
(519,'Entrepreneurship  Guide 2025',2798.17,'2026-01-25 16:59:35'),
(520,'HP Phone Cases Max',786.43,'2025-07-27 16:59:35'),
(521,'Nike Dresses Plus',565.9,'2026-02-20 16:59:35'),
(522,'Xiaomi GPS Navigators Ultra',2249.77,'2026-02-07 16:59:35'),
(523,'Canon Sunglasses S',2358.22,'2025-03-03 16:59:35'),
(524,'Garmin Frying Pans G',682.66,'2026-03-01 16:59:35'),
(525,'Apple Keyboards Ultra',1504.7,'2025-06-27 16:59:35'),
(526,'Mystery  Guide 2025',954.74,'2025-07-19 16:59:35'),
(527,'Apple Camera Lenses Plus',2061.97,'2025-04-23 16:59:35'),
(528,'Samsung Lamps Pro',878.7,'2025-12-24 16:59:35'),
(529,'Nikon Dining Tables Pro',1006.49,'2025-07-23 16:59:35'),
(530,'Garmin Bike Lights Max',115.83,'2026-02-26 16:59:35'),
(531,'Garmin Mice M',756.84,'2025-06-12 16:59:35'),
(532,'Asus Jeans S',989.22,'2025-04-06 16:59:35'),
(533,'Philips Mice Plus',1585.46,'2026-01-23 16:59:35'),
(534,'Lenovo Backpacks S',2761.14,'2025-10-30 16:59:35'),
(535,'LG Power Banks S',1304.61,'2026-02-16 16:59:35'),
(536,'Logitech GPS Navigators Plus',1762.91,'2025-10-02 16:59:35'),
(537,'Sony Bike Pumps Lite',553.79,'2025-03-31 16:59:35'),
(538,'HP Mesh Systems M',2907.17,'2025-12-26 16:59:35'),
(539,'Xiaomi Wardrobes Pro',2120.85,'2025-10-21 16:59:35'),
(540,'LG Sunglasses G',589.59,'2025-07-09 16:59:35'),
(541,'Samsung Jigsaw Puzzles M',222.41,'2025-07-17 16:59:35'),
(542,'Nikon Shavers Ultra',2985.87,'2025-11-12 16:59:35'),
(543,'Asus Microfiber Towels S',2446.53,'2025-07-02 16:59:35'),
(544,'Canon Garden Hoses Pro',269.91,'2025-12-15 16:59:35'),
(545,'Samsung Air Fryers G',1213.9,'2025-09-14 16:59:35'),
(546,'Bosch Dash Cams G',1861.0,'2025-06-16 16:59:35'),
(547,'Garmin Tool Kits X',2779.11,'2026-01-22 16:59:35'),
(548,'Nike Lamps Pro',670.62,'2025-11-17 16:59:35'),
(549,'Bosch Coats Lite',779.68,'2025-04-18 16:59:35'),
(550,'Nikon Saucepans Lite',1103.71,'2025-10-11 16:59:35'),
(551,'Canon Yoga Mats X',641.54,'2025-03-13 16:59:35'),
(552,'Nike Pruning Shears Max',1370.82,'2025-10-30 16:59:35'),
(553,'Nikon Garden Gloves S',2036.79,'2025-11-15 16:59:35'),
(554,'Bosch Microfiber Towels Max',2225.38,'2025-07-31 16:59:35'),
(555,'Nikon Protein Powder S',645.97,'2025-08-01 16:59:35'),
(556,'Sony Standing Desks M',1764.57,'2025-08-23 16:59:35'),
(557,'Bosch Sunscreens Pro',2521.27,'2025-08-25 16:59:35'),
(558,'Xiaomi Belts Max',1844.43,'2025-06-23 16:59:35'),
(559,'Nike Tops Lite',2244.79,'2025-10-10 16:59:35'),
(560,'Samsung Backpacks Lite',2513.61,'2025-09-18 16:59:35'),
(561,'Adidas Office Chairs X',1740.95,'2025-07-08 16:59:35'),
(562,'Canon Cleansers M',479.78,'2025-03-14 16:59:35'),
(563,'Adidas Car Chargers M',2851.52,'2025-07-20 16:59:35'),
(564,'Adidas Printers M',2860.12,'2025-08-16 16:59:35'),
(565,'Garmin Building Blocks G',874.53,'2025-10-03 16:59:35'),
(566,'LG Wi-Fi Routers Pro',1386.47,'2025-11-28 16:59:35'),
(567,'Apple Watches Plus',1064.36,'2025-03-28 16:59:35'),
(568,'Nike Desktops M',2078.85,'2026-02-18 16:59:35'),
(569,'Lenovo Angle Grinders S',2118.96,'2025-05-15 16:59:35'),
(570,'Logitech Toner Cartridges Pro',1623.09,'2025-09-21 16:59:35'),
(571,'Dell Leggings Plus',1882.86,'2026-01-08 16:59:35'),
(572,'HP Washing Machines Pro',361.96,'2025-04-14 16:59:35'),
(573,'Apple Jump Starters Lite',800.53,'2025-11-07 16:59:35'),
(574,'Apple Moisturizers Plus',2579.99,'2025-06-18 16:59:35'),
(575,'Philips Cleansers X',1017.8,'2025-06-21 16:59:35'),
(576,'Adidas Resistance Bands Pro',1331.15,'2025-12-18 16:59:35'),
(577,'Logitech Filing Cabinets X',677.96,'2025-06-24 16:59:35'),
(578,'Database  Guide 2024',2366.0,'2025-10-08 16:59:35'),
(579,'HP Impact Drivers Ultra',1424.61,'2026-01-05 16:59:35'),
(580,'Lenovo Curtains X',2618.1,'2025-06-25 16:59:35'),
(581,'Samsung Jeans Lite',1483.89,'2026-02-07 16:59:35'),
(582,'Sony Wrench Sets M',2823.76,'2025-03-14 16:59:35'),
(583,'Samsung Wall Art X',2287.44,'2025-11-08 16:59:35'),
(584,'Bosch Notebooks Max',2381.1,'2025-10-01 16:59:35'),
(585,'HP 3D Puzzles M',825.25,'2026-02-06 16:59:35'),
(586,'Adidas Moisturizers Pro',1407.67,'2025-07-27 16:59:35'),
(587,'Apple Folders X',756.45,'2025-03-03 16:59:35'),
(588,'Nike Building Blocks Plus',790.21,'2025-03-10 16:59:35'),
(589,'Canon Beds Ultra',813.31,'2025-04-28 16:59:35'),
(590,'LG Wrench Sets G',2035.45,'2025-06-07 16:59:35'),
(591,'Nikon Pens M',740.09,'2025-09-17 16:59:35'),
(592,'Xiaomi Headlamps G',1337.62,'2025-12-21 16:59:35'),
(593,'Asus Microfiber Towels Plus',76.41,'2025-08-03 16:59:35'),
(594,'Samsung Storage G',863.71,'2025-06-07 16:59:35'),
(595,'Nikon Pruning Shears X',2236.18,'2025-10-20 16:59:35'),
(596,'Logitech Tops M',687.51,'2025-12-24 16:59:35'),
(597,'Lenovo STEM Kits Max',337.45,'2025-11-30 16:59:35'),
(598,'Canon Pens M',1672.8,'2025-03-21 16:59:35'),
(599,'Logitech Sofas X',2971.13,'2025-04-09 16:59:35'),
(600,'Apple Soundbars Ultra',2397.71,'2026-01-23 16:59:35'),
(601,'Nikon Soundbars M',2969.01,'2025-10-10 16:59:35'),
(602,'Samsung GPS Navigators Ultra',215.12,'2025-07-04 16:59:35'),
(603,'Lenovo Backpacks G',1960.39,'2025-08-21 16:59:35'),
(604,'Apple STEM Kits Pro',667.84,'2026-02-01 16:59:35'),
(605,'Sony Dishwashers Lite',2288.04,'2025-08-19 16:59:35'),
(606,'Logitech Party Games Max',2929.8,'2025-06-04 16:59:35'),
(607,'Asus Tripods Ultra',181.07,'2025-03-19 16:59:35'),
(608,'Dell Tire Inflators Lite',1906.66,'2025-05-24 16:59:35'),
(609,'Adidas Resistance Bands Plus',2704.7,'2025-06-04 16:59:35'),
(610,'Sci-Fi  Guide 2022',2599.05,'2025-08-04 16:59:35'),
(611,'Xiaomi Garden Gloves S',2147.78,'2025-06-04 16:59:35'),
(612,'Samsung Backpacks Lite',1776.74,'2025-07-18 16:59:35'),
(613,'Sony Refrigerators Max',762.64,'2026-02-20 16:59:35'),
(614,'Nike Jackets Max',2939.43,'2026-02-07 16:59:35'),
(615,'DevOps  Guide 2025',31.15,'2025-09-28 16:59:35'),
(616,'Bosch Office Chairs Max',1597.56,'2025-03-26 16:59:35'),
(617,'Philips Computer Components X',1676.98,'2025-09-17 16:59:35'),
(618,'HP Office Chairs Lite',1505.68,'2025-11-12 16:59:35'),
(619,'Asus Car Shampoo G',577.08,'2025-03-23 16:59:35'),
(620,'Samsung Pens Ultra',576.57,'2025-10-27 16:59:35'),
(621,'Canon Wrench Sets S',2239.95,'2025-09-04 16:59:35'),
(622,'Samsung Garden Gloves X',2477.57,'2025-05-16 16:59:35'),
(623,'Samsung Network Switches Pro',732.16,'2026-01-27 16:59:35'),
(624,'Sony Wi-Fi Routers Pro',424.79,'2025-08-24 16:59:35'),
(625,'Samsung STEM Kits Max',697.61,'2025-06-02 16:59:35'),
(626,'LG Yoga Mats S',609.64,'2026-01-23 16:59:35'),
(627,'Sony Mirrorless Cameras Ultra',2481.16,'2025-09-10 16:59:35'),
(628,'Bosch Mesh Systems M',298.2,'2025-03-04 16:59:35'),
(629,'Samsung Beds Pro',588.18,'2025-08-20 16:59:35'),
(630,'Bosch Belts Plus',1630.12,'2026-02-05 16:59:35'),
(631,'Bosch Network Switches X',2774.44,'2025-04-26 16:59:35'),
(632,'Mystery  Guide 2024',897.9,'2025-07-05 16:59:35'),
(633,'LG Microfiber Towels Ultra',1887.95,'2025-08-23 16:59:35'),
(634,'LG Microwaves M',2939.45,'2025-09-30 16:59:35'),
(635,'Philips Hair Dryers Plus',2996.96,'2025-11-04 16:59:35'),
(636,'Dell Saucepans Plus',1217.04,'2025-12-15 16:59:35'),
(637,'Samsung Projectors S',1889.97,'2025-07-23 16:59:35'),
(638,'Bosch Wall Art Lite',811.12,'2026-02-06 16:59:35'),
(639,'Apple Garden Hoses Plus',569.21,'2025-11-16 16:59:35'),
(640,'Lenovo Filing Cabinets M',2548.86,'2025-06-11 16:59:35'),
(641,'Adidas Folders Pro',354.28,'2026-02-17 16:59:35'),
(642,'DevOps  Guide 2025',2974.19,'2026-01-22 16:59:35'),
(643,'Canon Phone Cases Lite',2405.9,'2025-06-01 16:59:35'),
(644,'Garmin Treadmills S',811.84,'2025-12-14 16:59:35'),
(645,'Adidas Blenders G',1619.93,'2026-01-12 16:59:35'),
(646,'Lenovo STEM Kits Ultra',1853.58,'2025-05-23 16:59:35'),
(647,'Canon Storage S',2535.25,'2025-12-06 16:59:35'),
(648,'Philips Tripods Pro',1113.91,'2025-03-20 16:59:35'),
(649,'Xiaomi Dumbbells Plus',1647.96,'2025-09-08 16:59:35'),
(650,'Apple G Smartphone 2023',311.6,'2025-12-27 16:59:35'),
(651,'Sony Tool Kits Ultra',1599.31,'2025-05-06 16:59:35'),
(652,'Philips Filing Cabinets Max',1124.77,'2026-01-28 16:59:35'),
(653,'Canon Sneakers M',1918.98,'2025-07-03 16:59:35'),
(654,'Adidas Mice Plus',1337.7,'2025-07-26 16:59:35'),
(655,'Nikon Belts Lite',42.17,'2025-10-31 16:59:35'),
(656,'Garmin Frying Pans M',478.87,'2025-07-16 16:59:35'),
(657,'Dell Notebooks X',1824.75,'2026-02-14 16:59:35'),
(658,'Nike Jump Starters Max',1372.49,'2025-11-15 16:59:35'),
(659,'Xiaomi Tire Inflators S',2882.86,'2026-02-15 16:59:35'),
(660,'Bosch Building Blocks G',2565.8,'2025-04-12 16:59:35'),
(661,'Bosch Keyboards M',247.5,'2026-02-12 16:59:35'),
(662,'Dell Watches S',303.33,'2025-06-27 16:59:35'),
(663,'Nikon Wi-Fi Routers Plus',939.33,'2025-09-14 16:59:35'),
(664,'Lenovo 3D Puzzles Pro',19.71,'2025-05-27 16:59:35'),
(665,'Dell Wi-Fi Routers Ultra',416.74,'2025-04-03 16:59:35'),
(666,'Dell Electric Toothbrushes Lite',1005.28,'2025-06-03 16:59:35'),
(667,'Nike Mice Pro',1012.24,'2025-05-14 16:59:35'),
(668,'Sony Car Wax Max',1662.85,'2026-01-29 16:59:35'),
(669,'Bosch Resistance Bands Lite',2487.23,'2026-01-04 16:59:35'),
(670,'Garmin Resistance Bands Plus',927.51,'2025-10-01 16:59:35'),
(671,'Sony Car Wax S',2771.48,'2025-10-22 16:59:35'),
(672,'Adidas Camera Lenses Pro',2174.62,'2025-03-22 16:59:35'),
(673,'Asus Headlamps Ultra',2534.16,'2025-11-20 16:59:35'),
(674,'Nike Garden Hoses Lite',522.4,'2025-11-21 16:59:35'),
(675,'HP Pruning Shears Plus',2280.41,'2025-08-21 16:59:35'),
(676,'Asus Backpacks G',197.22,'2025-11-17 16:59:35'),
(677,'HP Kettles Lite',2480.87,'2025-11-11 16:59:35'),
(678,'Fantasy  Guide 2023',1113.11,'2025-05-31 16:59:35'),
(679,'Asus Filing Cabinets Ultra',278.67,'2025-11-15 16:59:35'),
(680,'Canon Bike Lights S',716.7,'2025-09-09 16:59:35'),
(681,'Philips Coats Max',1945.33,'2025-08-29 16:59:35'),
(682,'Xiaomi T-Shirts Ultra',2532.42,'2025-09-15 16:59:35'),
(683,'Fantasy  Guide 2025',952.95,'2025-04-22 16:59:35'),
(684,'Nike Action Cameras S',1912.3,'2026-02-23 16:59:35'),
(685,'Sci-Fi  Guide 2024',2334.69,'2025-11-07 16:59:35'),
(686,'Sony Headphones X',2101.45,'2025-06-13 16:59:35'),
(687,'Canon Sofas Plus',923.39,'2025-11-02 16:59:35'),
(688,'Adidas Washing Machines G',582.61,'2025-05-02 16:59:35'),
(689,'Sony Chargers M',55.22,'2025-10-20 16:59:35'),
(690,'Garmin Standing Desks X',962.63,'2025-11-21 16:59:35'),
(691,'Philips Watches Plus',2917.08,'2025-09-02 16:59:35'),
(692,'LG Building Blocks Ultra',1031.94,'2026-01-18 16:59:35'),
(693,'LG Action Cameras M',286.83,'2025-09-28 16:59:35'),
(694,'Nike Network Switches X',1738.06,'2025-07-30 16:59:35'),
(695,'Nikon GPS Navigators Pro',1424.21,'2025-08-09 16:59:35'),
(696,'HP 27" 4K Smart TV',2615.23,'2025-11-20 16:59:35'),
(697,'Nikon Sunscreens Max',2456.16,'2025-03-26 16:59:35'),
(698,'Nike Network Switches Max',1322.61,'2025-10-26 16:59:35'),
(699,'Xiaomi Printers X',319.6,'2025-08-20 16:59:35'),
(700,'Apple Backpacks G',1647.64,'2025-04-18 16:59:35'),
(701,'Lenovo Strategy Games Max',1050.55,'2026-01-27 16:59:35'),
(702,'Management  Guide 2024',1566.42,'2025-06-14 16:59:35'),
(703,'Samsung Treadmills Plus',187.78,'2025-10-26 16:59:35'),
(704,'Dell Sticky Notes Lite',1705.33,'2025-12-03 16:59:35'),
(705,'Apple Sleeping Bags Lite',2507.8,'2025-09-12 16:59:35'),
(706,'Garmin Network Switches G',542.57,'2025-11-10 16:59:35'),
(707,'LG Washing Machines X',501.93,'2025-06-28 16:59:35'),
(708,'Sony Jigsaw Puzzles Pro',1426.59,'2025-05-06 16:59:35'),
(709,'Sony T-Shirts Lite',861.27,'2025-12-02 16:59:35'),
(710,'Canon Curtains G',91.52,'2025-09-07 16:59:35'),
(711,'Logitech Dumbbells X',2915.29,'2026-02-22 16:59:35'),
(712,'Samsung Mesh Systems M',1167.04,'2025-09-01 16:59:35'),
(713,'Sony Storage S',2009.24,'2025-06-24 16:59:35'),
(714,'Apple Curtains Max',957.02,'2025-09-06 16:59:35'),
(715,'Dell Beds Pro',1775.19,'2026-01-12 16:59:35'),
(716,'HP Carpets Ultra',324.77,'2025-03-09 16:59:35'),
(717,'Asus GPS Navigators Ultra',2174.71,'2025-04-13 16:59:35'),
(718,'Bosch Tripods X',1415.52,'2025-04-17 16:59:35'),
(719,'Nike Screwdriver Sets Pro',1361.19,'2025-08-30 16:59:35'),
(720,'LG Resistance Bands Plus',2802.48,'2025-04-03 16:59:35'),
(721,'Adidas Dining Tables M',2814.62,'2025-05-28 16:59:35'),
(722,'Lenovo Lamps Lite',372.47,'2025-08-03 16:59:35'),
(723,'Sony Watches X',619.47,'2025-09-30 16:59:35'),
(724,'Logitech OBD2 Scanners Pro',161.38,'2025-07-26 16:59:35'),
(725,'Canon Sofas S',2828.34,'2025-12-31 16:59:35'),
(726,'Canon Drills Max',1241.44,'2025-09-24 16:59:35'),
(727,'Adidas Standing Desks G',690.1,'2025-04-03 16:59:35'),
(728,'Nike Mice S',818.58,'2025-07-29 16:59:35'),
(729,'Nike Building Blocks X',60.29,'2026-02-10 16:59:35'),
(730,'Garmin Lamps S',287.35,'2026-01-14 16:59:35'),
(731,'Nike Plus Laptop 14" 2022',720.5,'2025-11-03 16:59:35'),
(732,'Apple Monitors X',32.48,'2025-12-01 16:59:35'),
(733,'Apple Network Switches S',313.31,'2025-12-11 16:59:35'),
(734,'LG Backpacks X',1164.66,'2025-07-18 16:59:35'),
(735,'Dell Dresses Plus',1390.11,'2025-11-30 16:59:35'),
(736,'Logitech Toner Cartridges M',2459.19,'2025-03-28 16:59:35'),
(737,'Samsung Car Chargers G',406.66,'2025-03-05 16:59:35'),
(738,'Xiaomi Mirrorless Cameras Ultra',2691.09,'2025-11-07 16:59:35'),
(739,'Nike Omega-3 S',31.04,'2025-06-25 16:59:35'),
(740,'Bosch Multivitamins Plus',2882.13,'2025-09-27 16:59:35'),
(741,'Samsung Treadmills M',240.28,'2025-10-14 16:59:35'),
(742,'Adidas Air Fryers Ultra',321.96,'2025-09-13 16:59:35'),
(743,'Nikon 15" 4K Smart TV',1662.6,'2025-11-13 16:59:35'),
(744,'Adidas Camera Lenses S',1236.82,'2025-10-30 16:59:35'),
(745,'Dell Sunglasses Plus',2821.21,'2025-11-28 16:59:35'),
(746,'Asus Cleansers Lite',1384.66,'2026-01-25 16:59:35'),
(747,'Philips Filing Cabinets Plus',943.92,'2025-03-11 16:59:35'),
(748,'Lenovo Screen Protectors Pro',1978.48,'2025-04-22 16:59:35'),
(749,'Sony 27" 4K Smart TV',316.11,'2025-07-22 16:59:35'),
(750,'Garmin Sunscreens Ultra',2242.94,'2025-11-17 16:59:35'),
(751,'Logitech Saucepans X',2228.17,'2025-05-10 16:59:35'),
(752,'Lenovo Microwaves Ultra',686.65,'2025-04-30 16:59:35'),
(753,'Canon Building Blocks X',1704.37,'2025-04-09 16:59:35'),
(754,'Samsung Multivitamins Pro',1185.77,'2025-11-19 16:59:35'),
(755,'Garmin Car Chargers Pro',2682.02,'2026-02-16 16:59:35'),
(756,'Lenovo Tool Kits X',2084.09,'2025-09-06 16:59:35'),
(757,'Sci-Fi  Guide 2025',1392.13,'2025-06-15 16:59:35'),
(758,'Nikon Yoga Mats M',2150.41,'2025-05-21 16:59:35'),
(759,'Asus Tops Lite',420.18,'2025-09-30 16:59:35'),
(760,'Dell Shavers Pro',2013.65,'2026-02-26 16:59:35'),
(761,'Nike Action Cameras Ultra',1069.27,'2025-08-22 16:59:35'),
(762,'Philips Chargers Pro',2549.92,'2025-12-08 16:59:35'),
(763,'Nikon Mice G',2426.16,'2025-10-24 16:59:35'),
(764,'Apple Car Wax Ultra',2590.52,'2026-01-09 16:59:35'),
(765,'Samsung Jeans Pro',1938.52,'2025-08-14 16:59:35'),
(766,'Garmin Sleeping Bags Lite',2559.62,'2026-01-03 16:59:35'),
(767,'Bosch Treadmills Pro',1666.87,'2025-08-28 16:59:35'),
(768,'Bosch Printers X',831.42,'2026-02-18 16:59:35'),
(769,'Nike Headphones S',2234.74,'2025-04-17 16:59:35'),
(770,'Canon Bike Helmets X',2408.14,'2025-08-22 16:59:35'),
(771,'Lenovo Hair Dryers M',909.66,'2025-08-15 16:59:35'),
(772,'Nike Bike Pumps S',2687.58,'2025-07-29 16:59:35'),
(773,'Logitech Sleeping Bags Plus',2096.07,'2025-09-01 16:59:35'),
(774,'Philips Coats Plus',2856.55,'2026-02-23 16:59:35'),
(775,'Nike Streaming Devices S',175.21,'2025-05-07 16:59:35'),
(776,'LG Dash Cams M',2327.96,'2025-05-21 16:59:35'),
(777,'LG Printers G',1817.99,'2025-05-09 16:59:35'),
(778,'Logitech Wardrobes Plus',187.56,'2025-10-13 16:59:35'),
(779,'Sony Impact Drivers Pro',786.49,'2025-06-21 16:59:35'),
(780,'Nikon Dining Tables S',966.24,'2026-02-05 16:59:35'),
(781,'Lenovo Folders Plus',2707.24,'2025-09-01 16:59:35'),
(782,'Sony Standing Desks G',306.47,'2026-02-17 16:59:35'),
(783,'Logitech Coffee Makers Pro',2477.26,'2025-05-08 16:59:35'),
(784,'Garmin Wrench Sets G',1491.1,'2025-10-17 16:59:35'),
(785,'Samsung Saucepans M',22.5,'2025-10-27 16:59:35'),
(786,'Adidas Soundbars Ultra',2107.82,'2025-08-17 16:59:35'),
(787,'Dell Car Shampoo S',1551.25,'2025-07-21 16:59:35'),
(788,'Nike Kitchen Knives X',266.06,'2025-09-20 16:59:35'),
(789,'Lenovo Washing Machines Pro',309.71,'2025-04-17 16:59:35'),
(790,'Garmin Car Wax Pro',1422.71,'2025-03-27 16:59:35'),
(791,'Programming  Guide 2024',822.29,'2025-04-14 16:59:35'),
(792,'Dell Monitors Pro',487.86,'2025-12-24 16:59:35'),
(793,'Philips Coats M',2854.0,'2025-08-09 16:59:35'),
(794,'Lenovo Impact Drivers M',1297.04,'2025-10-25 16:59:35'),
(795,'Logitech T-Shirts Pro',738.96,'2025-05-05 16:59:35'),
(796,'Lenovo Wall Art Lite',893.33,'2025-11-14 16:59:35'),
(797,'LG STEM Kits Lite',1627.82,'2025-03-28 16:59:35'),
(798,'Lenovo Sneakers Max',519.96,'2026-02-14 16:59:35'),
(799,'Philips Max Laptop 55" 2024',148.52,'2025-10-09 16:59:35'),
(800,'Programming  Guide 2024',1607.81,'2025-03-30 16:59:35'),
(801,'LG Watches Plus',1326.24,'2025-05-04 16:59:35'),
(802,'Bosch Ink Cartridges Plus',20.78,'2025-12-10 16:59:35'),
(803,'Asus Notebooks G',2844.24,'2026-02-20 16:59:35'),
(804,'Lenovo Coffee Makers Max',1450.53,'2025-07-24 16:59:35'),
(805,'Sony Sticky Notes M',2084.75,'2025-10-01 16:59:35'),
(806,'Logitech Mice Max',163.95,'2026-01-19 16:59:35'),
(807,'Bosch Treadmills Lite',518.44,'2025-10-18 16:59:35'),
(808,'Apple Washing Machines Lite',387.96,'2025-04-13 16:59:35'),
(809,'Garmin Tire Inflators S',352.44,'2026-01-24 16:59:35'),
(810,'Nike Streaming Devices Ultra',82.05,'2025-07-10 16:59:35'),
(811,'Dell Jigsaw Puzzles Plus',1359.87,'2025-09-22 16:59:35'),
(812,'Apple Bike Lights Ultra',2048.2,'2026-02-04 16:59:35'),
(813,'HP Strategy Games G',2488.95,'2025-06-20 16:59:35'),
(814,'Lenovo Curtains Pro',1341.05,'2025-10-22 16:59:35'),
(815,'Dell Watches Plus',828.34,'2025-07-29 16:59:35'),
(816,'Xiaomi Tripods Plus',1854.14,'2025-04-03 16:59:35'),
(817,'Logitech Strategy Games Ultra',1669.71,'2025-11-30 16:59:35'),
(818,'Nikon Jeans Max',2270.13,'2025-11-02 16:59:35'),
(819,'Sony Washing Machines S',1377.58,'2025-10-13 16:59:35'),
(820,'LG S Smartphone 2023',2042.45,'2025-04-03 16:59:35'),
(821,'Logitech 43" 4K Smart TV',1280.56,'2025-05-11 16:59:35'),
(822,'Sony Impact Drivers Max',2602.05,'2025-12-10 16:59:35'),
(823,'Xiaomi Network Switches M',153.69,'2025-06-12 16:59:35'),
(824,'LG Sunglasses Ultra',1777.48,'2025-07-12 16:59:35'),
(825,'Lenovo Keyboards M',1040.69,'2025-11-19 16:59:35'),
(826,'Lenovo Resistance Bands Lite',57.43,'2025-03-16 16:59:35'),
(827,'Bosch OBD2 Scanners Ultra',1944.17,'2025-08-28 16:59:35'),
(828,'Asus Carpets Ultra',1847.44,'2025-11-27 16:59:35'),
(829,'Nike Multivitamins Plus',2281.1,'2025-07-12 16:59:35'),
(830,'Lenovo Pruning Shears M',1043.65,'2025-12-11 16:59:35'),
(831,'Xiaomi Computer Components Pro',938.46,'2025-04-29 16:59:35'),
(832,'Asus Keyboards Lite',209.54,'2025-06-07 16:59:35'),
(833,'Dell Electric Toothbrushes G',826.24,'2025-09-04 16:59:35'),
(834,'HP Lite Laptop 27" 2023',1750.64,'2025-08-14 16:59:35'),
(835,'Nike Jackets Lite',2969.36,'2025-09-18 16:59:35'),
(836,'Asus Mirrorless Cameras Pro',736.06,'2025-05-01 16:59:35'),
(837,'Nike Streaming Devices M',2672.91,'2025-12-10 16:59:35'),
(838,'HP Electric Toothbrushes M',2361.68,'2026-01-01 16:59:35'),
(839,'LG Sofas G',943.54,'2025-04-25 16:59:35'),
(840,'Bosch Monitors M',2781.02,'2025-10-29 16:59:35'),
(841,'Sony Jump Starters Lite',2050.14,'2025-06-13 16:59:35'),
(842,'Sony Tripods Ultra',1575.35,'2025-05-29 16:59:35'),
(843,'Fantasy  Guide 2023',893.88,'2025-10-25 16:59:35'),
(844,'Logitech Shavers Lite',835.82,'2025-04-22 16:59:35'),
(845,'Xiaomi Dining Tables M',2265.05,'2025-06-16 16:59:35'),
(846,'Philips Beds S',1483.62,'2025-12-08 16:59:35'),
(847,'Dell T-Shirts M',1491.45,'2025-08-22 16:59:35'),
(848,'Bosch Network Switches G',270.01,'2025-03-10 16:59:35'),
(849,'Asus Office Chairs S',2978.34,'2025-11-05 16:59:35'),
(850,'Philips Screwdriver Sets M',813.42,'2026-02-10 16:59:35'),
(851,'Samsung Cleansers S',1445.36,'2025-11-03 16:59:35'),
(852,'Bosch Mirrorless Cameras M',1864.22,'2025-08-01 16:59:35'),
(853,'Dell Computer Components Ultra',2434.05,'2025-06-03 16:59:35'),
(854,'Logitech Printers Lite',2990.37,'2025-04-16 16:59:35'),
(855,'Nikon Tool Kits Pro',1651.27,'2025-06-12 16:59:35'),
(856,'Nikon 3D Puzzles Max',1916.65,'2025-10-23 16:59:35'),
(857,'Philips Tool Kits X',1328.93,'2025-04-29 16:59:35'),
(858,'Garmin Pens M',20.6,'2025-12-16 16:59:35'),
(859,'Adidas Belts Lite',2864.52,'2026-01-02 16:59:35'),
(860,'Adidas Saucepans M',1549.2,'2025-12-28 16:59:35'),
(861,'Asus STEM Kits G',1039.82,'2025-11-09 16:59:35'),
(862,'Asus Watches Lite',1318.22,'2025-10-04 16:59:35'),
(863,'Xiaomi Standing Desks G',1863.84,'2025-10-30 16:59:35'),
(864,'HP Jump Starters Lite',1861.83,'2026-02-13 16:59:35'),
(865,'Adidas Cleansers X',771.19,'2026-03-01 16:59:35'),
(866,'Xiaomi Backpacks Plus',1154.25,'2025-10-12 16:59:35'),
(867,'Canon Leggings Ultra',1573.4,'2025-12-07 16:59:35'),
(868,'Asus Folders Ultra',2231.05,'2025-04-18 16:59:35'),
(869,'Apple 13" 4K Smart TV',2622.35,'2025-07-21 16:59:35'),
(870,'HP Microfiber Towels G',324.86,'2025-10-24 16:59:35'),
(871,'Adidas Mirrorless Cameras Pro',2056.53,'2025-09-18 16:59:35'),
(872,'Garmin Resistance Bands Lite',1776.4,'2025-03-19 16:59:35'),
(873,'Asus Standing Desks G',1123.23,'2025-11-02 16:59:35'),
(874,'Canon Soundbars S',1453.81,'2025-06-12 16:59:35'),
(875,'Garmin Sleeping Bags Plus',704.49,'2025-03-31 16:59:35'),
(876,'Programming  Guide 2023',999.22,'2025-09-21 16:59:35'),
(877,'Asus Bluetooth Speakers Pro',2069.39,'2025-12-27 16:59:35'),
(878,'Samsung Car Chargers X',731.26,'2025-11-03 16:59:35'),
(879,'Logitech Refrigerators Ultra',761.2,'2026-01-26 16:59:35'),
(880,'Samsung Tool Kits Max',261.67,'2025-12-04 16:59:35'),
(881,'Xiaomi Refrigerators G',990.16,'2025-10-24 16:59:35'),
(882,'Asus Garden Hoses G',2154.74,'2025-06-11 16:59:35'),
(883,'Canon Car Chargers M',752.2,'2025-04-24 16:59:35'),
(884,'Sony Projectors M',676.4,'2026-01-15 16:59:35'),
(885,'Nike Microwaves Pro',2830.8,'2025-10-09 16:59:35'),
(886,'Nikon Drills Plus',2308.06,'2025-11-09 16:59:35'),
(887,'LG Frying Pans S',1979.15,'2025-08-15 16:59:35'),
(888,'Adidas Coats Max',1580.12,'2025-08-31 16:59:35'),
(889,'Asus Tops X',30.01,'2025-11-03 16:59:35'),
(890,'Dell Bike Helmets G',2199.17,'2025-07-09 16:59:35'),
(891,'Apple Leggings Lite',964.98,'2025-11-23 16:59:35'),
(892,'Canon Sunscreens M',2353.05,'2025-12-09 16:59:35'),
(893,'Garmin Bluetooth Speakers G',1817.94,'2025-08-01 16:59:35'),
(894,'Garmin Standing Desks Max',2219.15,'2025-05-20 16:59:35'),
(895,'DevOps  Guide 2023',2538.41,'2025-03-14 16:59:35'),
(896,'Nike 3D Puzzles X',2186.81,'2025-11-10 16:59:35'),
(897,'Samsung Mirrorless Cameras M',2302.17,'2025-04-05 16:59:35'),
(898,'Apple Kettles M',2303.99,'2025-06-29 16:59:35'),
(899,'Apple Bike Helmets Ultra',1580.31,'2025-06-04 16:59:35'),
(900,'Lenovo Phone Cases Plus',1578.05,'2026-01-01 16:59:35'),
(901,'Canon Dumbbells G',1238.92,'2025-11-29 16:59:35'),
(902,'Lenovo Garden Gloves Max',2485.16,'2026-02-18 16:59:35'),
(903,'Logitech Sticky Notes Lite',1761.14,'2025-04-06 16:59:35'),
(904,'Asus Kitchen Knives Ultra',1652.53,'2026-01-06 16:59:35'),
(905,'Asus Belts Ultra',917.9,'2026-02-21 16:59:35'),
(906,'Dell Strategy Games X',1407.52,'2025-11-16 16:59:35'),
(907,'Canon Phone Cases Pro',2305.43,'2025-12-26 16:59:35'),
(908,'Nikon Yoga Mats M',1957.78,'2025-08-09 16:59:35'),
(909,'Xiaomi Angle Grinders S',705.35,'2025-11-23 16:59:35'),
(910,'Xiaomi Jeans Pro',2431.66,'2026-01-30 16:59:35'),
(911,'Dell Notebooks Max',2709.53,'2025-04-10 16:59:35'),
(912,'Xiaomi Hair Dryers Pro',1967.11,'2025-05-20 16:59:35'),
(913,'Philips Dining Tables M',2472.96,'2025-06-01 16:59:35'),
(914,'LG Headlamps S',683.24,'2025-08-19 16:59:35'),
(915,'Nike Omega-3 Ultra',1361.79,'2025-04-01 16:59:35'),
(916,'Canon Filing Cabinets G',2811.09,'2025-04-06 16:59:35'),
(917,'HP Ink Cartridges M',883.59,'2025-12-09 16:59:35'),
(918,'Philips Standing Desks G',149.17,'2025-08-24 16:59:35'),
(919,'Lenovo Kettles M',1888.32,'2026-01-02 16:59:35'),
(920,'Xiaomi Saucepans G',733.88,'2025-03-24 16:59:35'),
(921,'Canon Sticky Notes Ultra',2247.6,'2025-06-07 16:59:35'),
(922,'Apple Dresses M',1369.01,'2026-02-24 16:59:35'),
(923,'Dell Impact Drivers X',1978.72,'2025-07-26 16:59:35'),
(924,'Philips Jigsaw Puzzles Lite',594.4,'2025-10-09 16:59:35'),
(925,'HP Leggings Max',2197.46,'2025-05-20 16:59:35'),
(926,'Philips Dresses S',745.8,'2025-08-04 16:59:35'),
(927,'HP Air Fryers Ultra',1206.51,'2025-04-18 16:59:35'),
(928,'Philips Jump Starters Plus',2139.35,'2025-10-07 16:59:35'),
(929,'LG Washing Machines G',2524.44,'2025-09-14 16:59:35'),
(930,'HP Coats G',216.59,'2025-09-04 16:59:35'),
(931,'Bosch Wall Art X',32.3,'2025-11-07 16:59:35'),
(932,'Canon Jump Starters Pro',1460.11,'2025-03-28 16:59:35'),
(933,'Dell Power Banks X',712.96,'2026-01-11 16:59:35'),
(934,'Nikon Coats Lite',822.5,'2025-08-07 16:59:35'),
(935,'Philips Lamps X',736.0,'2025-11-30 16:59:35'),
(936,'Management  Guide 2025',2468.95,'2026-03-02 16:59:35'),
(937,'Sony Wrench Sets Pro',1885.8,'2025-09-10 16:59:35'),
(938,'HP Kettles S',867.78,'2025-04-29 16:59:35'),
(939,'Logitech Computer Components Ultra',2023.22,'2025-11-05 16:59:35'),
(940,'Dell Notebooks G',487.32,'2025-10-11 16:59:35'),
(941,'Logitech Bike Helmets M',933.49,'2025-07-24 16:59:35'),
(942,'Samsung Shavers S',584.25,'2025-04-25 16:59:35'),
(943,'Logitech Sunglasses M',2619.84,'2026-03-01 16:59:35'),
(944,'Xiaomi Dumbbells S',1637.7,'2025-07-16 16:59:35'),
(945,'Garmin Wi-Fi Routers Max',523.75,'2026-01-24 16:59:35'),
(946,'Samsung Watches Pro',889.01,'2025-04-28 16:59:35'),
(947,'Bosch GPS Navigators G',974.63,'2025-07-02 16:59:35'),
(948,'Logitech Wardrobes Plus',1022.15,'2025-10-27 16:59:35'),
(949,'Samsung Jeans Pro',1163.76,'2025-08-04 16:59:35'),
(950,'LG Mice S',2388.76,'2026-01-17 16:59:35'),
(951,'Adidas Headphones G',1967.92,'2025-06-16 16:59:35'),
(952,'Garmin Sleeping Bags S',706.15,'2025-03-30 16:59:35'),
(953,'HP Air Fryers G',2908.26,'2026-01-08 16:59:35'),
(954,'Logitech Multivitamins M',2905.37,'2025-09-16 16:59:35'),
(955,'Nikon Tops Pro',2071.95,'2025-05-27 16:59:35'),
(956,'Dell Jigsaw Puzzles Max',1525.71,'2026-02-19 16:59:35'),
(957,'Samsung Power Banks G',870.2,'2025-03-26 16:59:35'),
(958,'HP Party Games X',599.93,'2025-11-12 16:59:35'),
(959,'Bosch Storage Ultra',1425.84,'2025-04-26 16:59:35'),
(960,'Logitech Garden Hoses Ultra',1385.34,'2025-05-25 16:59:35'),
(961,'Garmin Saucepans Ultra',2615.44,'2025-08-11 16:59:35'),
(962,'Samsung Jigsaw Puzzles Lite',762.32,'2026-02-06 16:59:35'),
(963,'Nikon Building Blocks Ultra',2782.75,'2026-01-28 16:59:35'),
(964,'Nike Treadmills Max',857.27,'2025-04-14 16:59:35'),
(965,'Samsung Hair Dryers Max',558.77,'2025-08-01 16:59:35'),
(966,'HP Storage Max',2963.8,'2025-12-16 16:59:35'),
(967,'DevOps  Guide 2025',377.7,'2026-02-16 16:59:35'),
(968,'Asus Moisturizers Plus',254.37,'2025-09-15 16:59:35'),
(969,'Lenovo Tire Inflators S',2254.85,'2025-03-07 16:59:35'),
(970,'Adidas Action Cameras Pro',2220.21,'2025-09-10 16:59:35'),
(971,'Nikon Coffee Makers Plus',485.04,'2025-10-22 16:59:35'),
(972,'Xiaomi Power Banks Max',1702.47,'2025-04-14 16:59:35'),
(973,'Nikon Omega-3 M',1409.81,'2025-03-05 16:59:35'),
(974,'Nikon Coats Ultra',1915.32,'2025-08-20 16:59:35'),
(975,'Dell Watches Plus',1321.36,'2025-11-10 16:59:35'),
(976,'Philips Pruning Shears Pro',899.34,'2025-10-24 16:59:35'),
(977,'Logitech Building Blocks Lite',513.88,'2026-02-06 16:59:35'),
(978,'Lenovo Watches Plus',2913.86,'2025-07-27 16:59:35'),
(979,'Adidas Power Banks Pro',2780.9,'2026-02-06 16:59:35'),
(980,'Dell Screwdriver Sets Max',1947.78,'2025-10-24 16:59:35'),
(981,'Garmin Dining Tables Lite',1895.57,'2025-09-01 16:59:35'),
(982,'Samsung Sunglasses Lite',95.46,'2026-01-06 16:59:35'),
(983,'Sony Filing Cabinets G',1686.41,'2025-11-24 16:59:35'),
(984,'Dell Dining Tables Lite',1672.67,'2025-12-19 16:59:35'),
(985,'Philips Frying Pans G',1760.5,'2026-02-10 16:59:35'),
(986,'Canon Tripods Plus',1130.05,'2025-06-14 16:59:35'),
(987,'Bosch Headlamps M',1840.24,'2025-08-02 16:59:35'),
(988,'Philips Wardrobes Pro',806.94,'2026-01-16 16:59:35'),
(989,'HP Projectors Max',2023.26,'2025-09-16 16:59:35'),
(990,'Logitech STEM Kits M',1481.61,'2025-09-09 16:59:35'),
(991,'Asus Mice Max',1148.03,'2025-08-14 16:59:35'),
(992,'Apple Ink Cartridges S',2940.64,'2025-09-12 16:59:35'),
(993,'Lenovo Car Wax G',2543.28,'2025-04-12 16:59:35'),
(994,'Samsung Resistance Bands Plus',83.09,'2025-08-22 16:59:35'),
(995,'Sony Electric Toothbrushes Max',2209.86,'2025-10-26 16:59:35'),
(996,'Logitech Mirrorless Cameras X',282.96,'2025-05-03 16:59:35'),
(997,'Lenovo Chargers G',1703.13,'2025-05-28 16:59:35'),
(998,'Sony Wi-Fi Routers S',1302.24,'2025-07-27 16:59:35'),
(999,'Programming  Guide 2022',368.41,'2025-04-23 16:59:35'),
(1000,'Canon Building Blocks Lite',717.09,'2025-12-21 16:59:35');

INSERT INTO `product_to_category` (`product_id`,`category_id`) VALUES
(448,159),
(809,138),
(656,45),
(978,59),
(829,116),
(640,100),
(894,102),
(134,85),
(316,125),
(825,2),
(112,66),
(158,33),
(258,120),
(775,1),
(509,147),
(944,75),
(790,129),
(246,2),
(259,121),
(552,108),
(734,85),
(808,34),
(921,91),
(330,1),
(388,122),
(891,68),
(520,12),
(84,125),
(418,150),
(478,15),
(842,32),
(907,12),
(994,17),
(887,33),
(939,1),
(971,33),
(916,97),
(527,56),
(190,142),
(77,85),
(929,36),
(197,1),
(202,116),
(772,89),
(806,2),
(140,141),
(33,15),
(52,28),
(615,105),
(917,98),
(910,59),
(486,140),
(788,33),
(189,33),
(625,155),
(136,27),
(711,78),
(628,80),
(789,34),
(720,163),
(567,70),
(699,140),
(283,82),
(330,14),
(276,43),
(67,49),
(623,1),
(381,59),
(495,81),
(979,14),
(965,116),
(284,163),
(768,96),
(968,121),
(142,79),
(182,115),
(134,75),
(94,2),
(490,2),
(717,130),
(368,162),
(535,10),
(440,1),
(198,59),
(312,81),
(177,36),
(654,110),
(183,116),
(135,39),
(819,34),
(859,70),
(342,109),
(502,61),
(45,2),
(742,79),
(192,21),
(748,10),
(734,75),
(606,155),
(816,28),
(681,69),
(765,62),
(275,55),
(609,80),
(205,76),
(574,122),
(406,129),
(243,102),
(439,163),
(873,126),
(551,75),
(912,117),
(194,66),
(850,142),
(956,160),
(877,16),
(789,132),
(991,1),
(854,112),
(77,75),
(50,58),
(619,129),
(915,128),
(896,114),
(2,17),
(215,161),
(102,104),
(271,62),
(162,155),
(700,59),
(155,116),
(771,119),
(448,103),
(811,155),
(401,28),
(63,149),
(942,117),
(292,121),
(197,112),
(372,1),
(566,95),
(820,11),
(974,69),
(892,116),
(47,24),
(276,33),
(26,1),
(93,140),
(5,27),
(105,151),
(325,154),
(116,160),
(131,23),
(948,53),
(230,2),
(34,127),
(880,147),
(603,98),
(100,72),
(260,24),
(489,33),
(864,139),
(972,1),
(266,104),
(367,7),
(521,65),
(89,142),
(742,33),
(693,28),
(545,13),
(395,105),
(615,108),
(66,15),
(220,73),
(489,118),
(32,22),
(210,59),
(97,2),
(943,59),
(962,72),
(681,59),
(472,65),
(122,95),
(14,4),
(409,125),
(901,62),
(314,116),
(428,138),
(327,55),
(504,133),
(454,132),
(260,1),
(301,39),
(65,91),
(683,104),
(883,129),
(965,119),
(593,67),
(683,140),
(287,140),
(302,3),
(930,97),
(985,33),
(70,142),
(628,24),
(607,1),
(424,145),
(719,142),
(216,116),
(103,59),
(889,65),
(282,61),
(19,96),
(798,63),
(966,19),
(126,42),
(394,122),
(212,2),
(606,158),
(686,1),
(746,82),
(767,75),
(901,75),
(955,46),
(107,65),
(307,90),
(671,107),
(677,38),
(39,159),
(328,33),
(205,79),
(105,141),
(913,49),
(964,131),
(420,116),
(553,151),
(123,9),
(430,17),
(557,121),
(449,30),
(503,150),
(637,1),
(918,100),
(864,129),
(447,106),
(407,33),
(602,129),
(621,142),
(35,161),
(970,30),
(579,145),
(899,86),
(396,60),
(146,114),
(326,81),
(346,59),
(238,117),
(203,10),
(358,33),
(96,33),
(201,86),
(758,3),
(147,78),
(858,90),
(207,129),
(427,132),
(667,1),
(580,82),
(405,1),
(9,1),
(163,59),
(559,59),
(651,142),
(356,108),
(329,91),
(363,4),
(403,40),
(254,97),
(792,1),
(946,59),
(286,129),
(232,158),
(361,43),
(592,92),
(525,2),
(871,1),
(165,104),
(508,98),
(822,145),
(272,87),
(479,71),
(633,129),
(940,137),
(691,70),
(880,6),
(494,50),
(708,159),
(178,79),
(284,97),
(290,140),
(182,49),
(988,33),
(476,38),
(85,116),
(608,157),
(473,112),
(514,150),
(58,19),
(581,60),
(9,14),
(814,33),
(700,160),
(962,160),
(793,59),
(74,143),
(175,46),
(376,36),
(477,2),
(918,90),
(181,89),
(529,49),
(879,18),
(321,20),
(79,78),
(770,75),
(883,132),
(31,1),
(350,163),
(397,95),
(257,84),
(913,160),
(227,92),
(468,155),
(477,87),
(146,104),
(677,149),
(711,25),
(166,82),
(320,140),
(421,43),
(32,2),
(852,1),
(986,1),
(928,139),
(997,10),
(244,1),
(886,142),
(604,164),
(1000,164),
(422,44),
(408,109),
(359,104),
(473,89),
(507,2),
(634,43),
(643,12),
(552,153),
(987,81),
(54,142),
(14,69),
(356,98),
(497,74),
(234,109),
(121,52),
(403,30),
(736,90),
(454,112),
(682,119),
(745,59),
(916,100),
(420,119),
(506,122),
(513,18),
(947,130),
(967,108),
(940,91),
(824,59),
(407,36),
(279,116),
(876,106),
(453,152),
(775,23),
(666,116),
(377,13),
(309,144),
(638,54),
(92,146),
(320,153),
(964,75),
(748,42),
(693,106),
(471,142),
(222,75),
(337,62),
(779,29),
(874,1),
(887,120),
(988,23),
(690,100),
(416,62),
(978,94),
(441,155),
(487,122),
(825,1),
(533,9),
(728,68),
(101,86),
(511,70),
(994,75),
(303,41),
(726,144),
(389,1),
(421,33),
(167,37),
(186,50),
(928,129),
(921,90),
(524,45),
(953,42),
(388,121),
(44,82),
(319,21),
(634,33),
(211,79),
(565,162),
(518,87),
(14,59),
(95,133),
(255,122),
(765,107),
(934,65),
(718,32),
(140,55),
(974,101),
(515,81),
(547,150),
(252,116),
(950,9),
(90,54),
(614,60),
(498,28),
(806,1),
(737,130),
(434,129),
(453,142),
(635,119),
(768,154),
(835,64),
(563,130),
(692,15),
(241,79),
(187,108),
(670,76),
(729,162),
(152,150),
(965,30),
(896,159),
(10,66),
(975,74),
(922,68),
(431,59),
(411,1),
(15,1),
(314,148),
(408,112),
(192,79),
(526,104),
(278,2),
(995,137),
(269,33),
(490,1),
(624,1),
(752,7),
(588,164),
(71,54),
(272,44),
(245,90),
(364,41),
(83,28),
(48,70),
(417,53),
(752,43),
(664,159),
(629,52),
(45,1),
(69,129),
(210,68),
(216,148),
(296,28),
(893,18),
(543,134),
(193,164),
(482,38),
(419,98),
(520,1),
(574,121),
(654,1),
(43,76),
(263,116),
(274,125),
(484,84),
(220,154),
(872,80),
(912,116),
(809,140),
(247,28),
(956,159),
(793,52),
(685,110),
(759,59),
(209,1),
(536,130),
(340,155),
(375,33),
(641,3),
(501,29),
(795,61),
(170,9),
(62,67),
(759,144),
(396,92),
(684,1),
(710,139),
(139,21),
(280,146),
(37,10),
(460,113),
(942,116),
(694,14),
(808,36),
(282,106),
(577,103),
(820,10),
(294,80),
(72,116),
(729,8),
(98,25),
(116,159),
(504,155),
(578,104),
(256,53),
(571,65),
(778,49),
(978,74),
(214,56),
(374,45),
(716,74),
(756,147),
(925,68),
(91,22),
(760,117),
(81,57),
(395,104),
(791,104),
(179,71),
(844,116),
(58,110),
(493,38),
(431,26),
(700,71),
(497,8),
(155,128),
(703,76),
(789,36),
(694,27),
(735,65),
(835,152),
(820,23),
(310,1),
(160,93),
(327,90),
(601,101),
(65,90),
(111,57),
(869,1),
(291,24),
(392,76),
(88,110),
(458,21),
(80,69),
(308,113),
(648,32),
(272,47),
(330,137),
(444,122),
(819,36),
(859,72),
(282,60),
(173,153),
(302,38),
(144,126),
(480,161),
(788,48),
(519,152),
(212,1),
(358,55),
(800,22),
(87,86),
(543,137),
(857,147),
(172,44),
(178,124),
(218,160),
(204,33),
(995,117),
(291,1),
(82,7),
(728,2),
(551,77),
(451,139),
(570,90),
(457,33),
(34,116),
(780,49),
(321,29),
(877,18),
(424,121),
(242,1),
(396,59),
(59,145),
(510,81),
(985,45),
(804,33),
(198,74),
(50,96),
(310,135),
(485,24),
(545,38),
(699,96),
(348,18),
(246,7),
(400,65),
(827,138),
(842,1),
(736,99),
(328,45),
(662,70),
(16,75),
(823,24),
(76,89),
(318,117),
(28,49),
(68,85),
(571,68),
(21,10),
(572,33),
(80,59),
(564,29),
(287,129),
(407,45),
(693,30),
(848,53),
(55,151),
(270,76),
(430,65),
(485,1),
(887,44),
(491,44),
(113,129),
(168,28),
(805,91),
(785,33),
(293,59),
(66,17),
(139,1),
(280,126),
(408,46),
(284,96),
(472,67),
(558,70),
(698,1),
(6,151),
(703,79),
(785,118),
(858,102),
(963,155),
(199,137),
(701,155),
(413,17),
(823,1),
(553,140),
(712,164),
(390,113),
(108,135),
(861,27),
(256,33),
(724,138),
(74,142),
(477,1),
(905,70),
(260,3),
(534,163),
(895,105),
(392,79),
(344,2),
(262,49),
(227,91),
(389,10),
(334,74),
(837,20),
(628,26),
(928,138),
(889,67),
(780,160),
(369,31),
(201,75),
(906,156),
(952,123),
(630,72),
(12,59),
(709,136),
(507,1),
(84,84),
(856,155),
(740,123),
(445,26),
(87,89),
(315,96),
(913,51),
(517,51),
(677,40),
(414,75),
(816,118),
(380,82),
(138,140),
(68,75),
(592,81),
(458,1),
(918,102),
(342,55),
(401,141),
(770,87),
(876,105),
(453,151),
(405,111),
(42,59),
(424,124),
(7,101),
(933,1),
(436,98),
(691,59),
(542,116),
(60,76),
(280,116),
(326,83),
(245,158),
(680,86),
(189,77),
(841,3),
(267,33),
(207,131),
(575,149),
(669,76),
(305,145),
(226,1),
(371,90),
(117,94),
(49,39),
(157,130),
(237,10),
(410,81),
(746,116),
(611,71),
(753,155),
(918,79),
(5,32),
(51,148),
(366,160),
(318,120),
(384,65),
(584,90),
(907,69),
(47,114),
(605,33),
(825,36),
(697,116),
(830,151),
(568,2),
(931,54),
(742,38),
(525,40),
(438,121),
(257,109),
(491,47),
(168,31),
(920,44),
(524,44),
(697,152),
(631,27),
(422,33),
(649,75),
(958,156),
(306,1),
(983,100),
(16,19),
(552,142),
(399,49),
(516,76),
(731,1),
(25,104),
(783,11),
(210,149),
(829,127),
(338,155),
(581,62),
(486,53),
(123,1),
(627,29),
(647,7),
(215,84),
(349,84),
(946,74),
(932,139),
(616,19),
(676,70),
(507,112),
(354,19),
(895,108),
(150,140),
(761,28),
(888,69),
(397,97),
(336,1),
(563,129),
(582,142),
(389,13),
(320,142),
(837,23),
(669,30),
(347,16),
(828,54),
(646,163),
(379,48),
(170,54),
(661,26),
(618,101),
(886,144),
(470,86),
(153,1),
(461,117),
(139,66),
(522,133),
(313,139),
(696,20),
(776,129),
(680,161),
(544,151),
(278,1),
(801,42),
(95,145),
(169,94),
(597,163),
(927,38),
(707,34),
(101,75),
(631,161),
(166,61),
(266,148),
(158,57),
(882,151),
(243,15),
(666,118),
(61,124),
(966,1),
(575,116),
(13,4),
(159,58),
(796,84),
(587,90),
(808,58),
(996,29),
(431,71),
(961,8),
(537,89),
(288,59),
(690,102),
(395,5),
(448,160),
(514,142),
(97,82),
(338,145),
(3,75),
(157,133),
(393,81),
(392,36),
(687,33),
(961,44),
(176,3),
(530,86),
(685,109),
(818,144),
(932,129),
(536,129),
(487,124),
(668,56),
(688,34),
(888,59),
(156,24),
(980,142),
(638,33),
(92,125),
(944,76),
(312,128),
(331,141),
(259,122),
(332,106),
(446,128),
(69,141),
(143,90),
(815,74),
(175,159),
(855,147),
(391,12),
(706,24),
(878,130),
(265,52),
(957,14),
(98,24),
(43,88),
(84,126),
(317,99),
(565,164),
(874,16),
(954,125),
(106,144),
(817,156),
(704,99),
(86,86),
(939,2),
(749,21),
(936,113),
(250,45),
(190,143),
(156,1),
(760,116),
(48,59),
(402,142),
(517,129),
(900,10),
(696,131),
(429,16),
(737,132),
(817,12),
(52,29),
(649,19),
(185,64),
(910,60),
(969,146),
(75,49),
(767,11),
(881,33),
(464,10),
(369,1),
(523,59),
(564,97),
(973,116),
(729,164),
(896,161),
(364,151),
(600,19),
(725,50),
(200,85),
(495,82),
(809,129),
(58,1),
(486,33),
(90,33),
(304,142),
(794,6),
(88,109),
(316,116),
(645,26),
(845,51),
(637,22),
(751,44),
(851,131),
(489,44),
(71,56),
(909,72),
(391,146),
(779,142),
(303,33),
(786,1),
(591,91),
(846,52),
(946,139),
(664,161),
(375,58),
(333,141),
(576,48),
(4,2),
(803,90),
(547,21),
(593,137),
(102,128),
(659,82),
(208,146),
(839,49),
(353,155),
(482,40),
(891,59),
(963,164),
(884,20),
(580,54),
(406,130),
(43,78),
(84,116),
(620,90),
(995,116),
(418,141),
(41,154),
(393,84),
(219,160),
(71,33),
(547,142),
(950,1),
(982,70),
(991,2),
(560,81),
(665,97),
(41,10),
(382,74),
(174,45),
(937,147),
(57,134),
(709,60),
(505,1),
(773,81),
(74,43),
(642,6),
(460,115),
(292,122),
(372,2),
(706,27),
(718,1),
(105,152),
(130,96),
(814,54),
(297,93),
(417,9),
(363,38),
(737,99),
(260,25),
(851,121),
(535,1),
(870,134),
(595,15),
(197,5),
(270,75),
(713,7),
(658,71),
(867,65),
(195,81),
(792,71),
(113,128),
(242,13),
(569,142),
(360,148),
(151,154),
(933,10),
(992,96),
(98,148),
(748,1),
(2,31),
(172,33),
(400,77),
(715,52),
(581,9),
(413,16),
(527,1),
(567,74),
(613,41),
(255,104),
(45,114),
(300,75),
(642,104),
(16,87),
(291,26),
(9,48),
(612,81),
(308,115),
(348,151),
(583,54),
(455,134),
(797,163),
(535,14),
(594,63),
(695,115),
(741,82),
(219,6),
(251,75),
(230,52),
(216,117),
(739,158),
(388,80),
(562,116),
(790,123),
(723,70),
(668,134),
(373,100),
(796,54),
(943,73),
(138,54),
(404,24),
(901,76),
(96,57),
(409,139),
(538,24),
(893,72),
(501,142),
(105,142),
(406,133),
(124,155),
(339,43),
(433,87),
(662,59),
(310,16),
(351,54),
(780,51),
(743,20),
(196,116),
(325,1),
(981,77),
(7,100),
(41,13),
(241,38),
(242,3),
(336,10),
(340,160),
(19,74),
(678,39),
(180,28),
(886,68),
(313,63),
(985,47),
(990,162),
(993,51),
(366,38),
(271,66),
(409,116),
(538,1),
(201,87),
(428,129),
(502,78),
(503,43),
(239,113),
(811,159),
(858,91),
(669,75),
(104,154),
(541,155),
(667,2),
(405,2),
(369,79),
(416,11),
(799,41),
(745,70),
(905,59),
(159,126),
(529,37),
(762,10),
(51,147),
(768,90),
(673,81),
(277,81),
(914,144),
(866,67),
(458,13),
(557,135),
(824,70),
(312,75),
(568,1),
(10,2),
(42,71),
(55,153),
(867,68),
(309,155),
(831,2),
(221,42),
(126,33),
(708,160),
(346,73),
(97,6),
(558,72),
(516,75),
(959,7),
(178,116),
(701,157),
(862,74),
(553,142),
(390,115),
(551,69),
(134,46),
(402,89),
(160,147),
(671,134),
(898,33),
(648,1),
(321,21),
(930,65),
(522,11),
(467,75),
(540,59),
(612,84),
(739,125),
(7,90),
(262,51),
(450,22),
(865,121),
(494,28),
(446,137),
(646,162),
(680,75),
(203,1),
(103,63),
(208,116),
(304,53),
(323,66),
(449,142),
(618,100),
(503,33),
(657,91),
(206,155),
(461,116),
(904,48),
(313,138),
(273,65),
(359,105),
(65,36),
(507,3),
(767,79),
(853,2),
(597,162),
(234,110),
(482,95),
(191,148),
(594,7),
(203,122),
(259,23),
(915,99),
(457,38),
(498,39),
(812,86),
(349,96),
(435,99),
(367,1),
(279,117),
(521,59),
(602,133),
(164,50),
(370,155),
(471,58),
(572,110),
(920,33),
(638,55),
(871,28),
(213,28),
(769,17),
(540,157),
(964,76),
(989,20),
(366,41),
(452,44),
(539,49),
(996,28),
(705,81),
(355,148),
(610,109),
(738,29),
(838,116),
(904,61),
(496,7),
(199,129),
(769,102),
(815,132),
(212,68),
(117,96),
(371,92),
(719,15),
(263,150),
(834,2),
(129,70),
(329,95),
(745,73),
(927,50),
(792,5),
(676,59),
(144,49),
(632,132),
(269,80),
(688,33),
(101,87),
(289,58),
(584,92),
(908,36),
(435,112),
(994,76),
(154,99),
(483,9),
(750,124),
(824,73),
(589,27),
(924,160),
(876,120),
(997,1),
(217,155),
(347,5),
(601,1),
(889,59),
(438,123),
(618,90),
(691,74),
(604,155),
(678,104),
(852,28),
(470,75),
(784,122),
(857,106),
(167,74),
(878,129),
(905,3),
(353,164),
(958,158),
(244,28),
(222,89),
(183,18),
(731,3),
(926,62),
(757,104),
(817,155),
(623,24),
(151,65),
(211,116),
(749,20),
(518,124),
(632,109),
(160,150),
(436,54),
(624,25),
(931,33),
(31,5),
(285,150),
(841,139),
(248,119),
(323,33),
(564,96),
(494,31),
(326,75),
(426,162),
(512,85),
(585,155),
(578,30),
(658,139),
(281,152),
(470,88),
(725,49),
(461,119),
(53,65),
(422,48),
(462,84),
(608,138),
(722,160),
(776,131),
(777,96),
(379,86),
(460,160),
(653,60),
(640,90),
(204,54),
(961,33),
(269,34),
(530,75),
(598,93),
(341,59),
(824,27),
(939,14),
(321,1),
(903,91),
(836,1),
(245,91),
(970,1),
(707,36),
(517,141),
(591,90),
(274,5),
(6,74),
(4,1),
(828,33),
(977,162),
(332,95),
(237,123),
(170,33),
(149,10),
(40,103),
(973,128),
(764,134),
(684,25),
(475,31),
(953,33),
(335,20),
(964,79),
(433,34),
(660,162),
(171,34),
(654,2),
(807,95),
(471,146),
(168,108),
(121,33),
(106,133),
(235,18),
(549,65),
(86,75),
(455,58),
(745,40),
(832,8),
(951,145),
(640,103),
(459,28),
(150,96),
(746,121),
(530,88),
(316,128),
(322,59),
(645,38),
(441,159),
(179,10),
(299,75),
(709,59),
(951,1),
(36,110),
(688,36),
(646,119),
(511,74),
(721,33),
(672,28),
(296,6),
(92,127),
(944,78),
(218,86),
(514,85),
(646,155),
(921,94),
(922,59),
(658,129),
(859,119),
(878,132),
(717,35),
(954,127),
(504,156),
(578,105),
(806,149),
(926,65),
(121,46),
(623,27),
(932,108),
(751,33),
(515,85),
(352,58),
(506,116),
(452,145),
(588,155),
(90,58),
(614,64),
(190,145),
(77,88),
(787,135),
(109,157),
(823,58),
(936,115),
(976,151),
(900,12),
(1000,99),
(791,105),
(510,92),
(811,83),
(992,95),
(844,117),
(541,79),
(910,62),
(493,39),
(881,35),
(61,116),
(295,54),
(610,66),
(670,80),
(294,58),
(554,134),
(735,66),
(318,43),
(665,1),
(128,62),
(423,59),
(274,116),
(403,1),
(484,75),
(67,52),
(937,51),
(4,112),
(412,86),
(16,86),
(17,51),
(432,64),
(586,122),
(982,59),
(570,114),
(8,2),
(94,5),
(717,133),
(751,46),
(736,146),
(489,46),
(797,162),
(354,1),
(112,59),
(508,59),
(245,94),
(931,13),
(972,14),
(83,32),
(223,155),
(229,86),
(611,151),
(61,93),
(826,76),
(875,81),
(261,38),
(785,44),
(462,28),
(803,92),
(45,5),
(37,1),
(460,104),
(661,8),
(599,33),
(262,119),
(377,69),
(820,1),
(442,86),
(974,59),
(186,129),
(474,38),
(715,64),
(884,22),
(995,118),
(550,33),
(704,91),
(515,75),
(119,75),
(743,19),
(897,77),
(916,90),
(925,59),
(660,21),
(29,38),
(511,41),
(725,150),
(645,41),
(249,41),
(846,31),
(268,54),
(340,159),
(510,82),
(629,33),
(937,149),
(398,20),
(271,65),
(699,97),
(773,83),
(624,103),
(91,134),
(788,62),
(580,33),
(888,149),
(372,4),
(794,142),
(942,120),
(955,59),
(350,65),
(483,100),
(315,107),
(221,100),
(555,125),
(159,125),
(414,86),
(28,50),
(88,101),
(229,40),
(572,34),
(880,150),
(308,104),
(622,151),
(100,75),
(174,24),
(368,155),
(528,107),
(648,23),
(851,123),
(367,10),
(916,103),
(500,45),
(971,39),
(600,132),
(10,1),
(42,70),
(270,77),
(887,45),
(113,130),
(992,98),
(831,1),
(253,24),
(890,87),
(723,59),
(409,128),
(960,151),
(554,137),
(674,53),
(466,24),
(701,156),
(264,38),
(948,33),
(381,65),
(118,100),
(174,1),
(65,94),
(499,57),
(673,93),
(143,13),
(484,163),
(253,1),
(258,116),
(906,157),
(462,31),
(657,90),
(12,60),
(668,136),
(63,142),
(137,91),
(466,1),
(734,81),
(404,26),
(827,129),
(901,78),
(538,26),
(483,90),
(315,97),
(853,1),
(107,68),
(221,90),
(595,151),
(211,125),
(553,154),
(842,28),
(310,18),
(571,59),
(21,1),
(557,124),
(831,135),
(845,33),
(583,33),
(843,109),
(674,151),
(24,155),
(77,81),
(124,13),
(164,49),
(55,142),
(941,6),
(336,12),
(396,63),
(18,111),
(542,117),
(78,162),
(589,49),
(199,43),
(636,44),
(769,16),
(796,33),
(138,33),
(861,162),
(238,120),
(102,110),
(75,93),
(545,42),
(437,100),
(738,28),
(355,147),
(6,142),
(153,12),
(267,34),
(335,52),
(394,138),
(496,6),
(23,82),
(641,95),
(858,93),
(971,150),
(998,24),
(613,33),
(371,91),
(390,104),
(351,33),
(834,1),
(410,82),
(724,129),
(791,39),
(979,10),
(200,129),
(662,74),
(277,83),
(230,8),
(384,66),
(584,91),
(605,34),
(596,65),
(52,1),
(924,159),
(931,55),
(359,9),
(833,157),
(444,116),
(54,47),
(649,76),
(998,1),
(492,129),
(681,65),
(182,52),
(475,76),
(476,41),
(516,77),
(25,105),
(731,2),
(39,152),
(917,12),
(236,59),
(123,2),
(875,15),
(74,146),
(443,129),
(477,5),
(603,81),
(671,136),
(812,75),
(13,136),
(624,24),
(981,33),
(38,80),
(79,81),
(393,128),
(676,71),
(532,57),
(841,138),
(115,34),
(840,30),
(860,8),
(590,147),
(919,94),
(114,38),
(865,123),
(333,113),
(911,90),
(997,13),
(347,17),
(719,148),
(452,33),
(977,155),
(658,138),
(437,90),
(155,112),
(461,118),
(690,90),
(696,21),
(776,130),
(273,67),
(359,107),
(856,159),
(653,59),
(544,152),
(237,1),
(874,27),
(988,49),
(129,59),
(652,100),
(234,112),
(382,10),
(141,33),
(265,99),
(211,128),
(903,90),
(412,118),
(592,85),
(712,1),
(21,4),
(812,88),
(813,53),
(947,133),
(549,123),
(830,142),
(949,93),
(837,1),
(882,152),
(196,121),
(523,70),
(597,56),
(20,44),
(60,80),
(589,52),
(663,1),
(126,25),
(213,30),
(401,1),
(810,20),
(909,142),
(433,33),
(587,91),
(620,39),
(284,90),
(171,33),
(750,133),
(705,83),
(838,118),
(784,147),
(148,49),
(986,102),
(3,76),
(108,129),
(237,14),
(780,33),
(215,75),
(289,24),
(161,104),
(710,54),
(783,38),
(133,42),
(36,109),
(693,1),
(156,25),
(525,8),
(847,59),
(444,83),
(848,24),
(605,37),
(509,149),
(146,97),
(952,81),
(166,75),
(446,129),
(519,113),
(984,33),
(29,106),
(126,38),
(897,1),
(379,75),
(639,151),
(544,142),
(659,129),
(411,27),
(652,90),
(766,75),
(289,1),
(39,155),
(85,122),
(46,51),
(528,54),
(817,157),
(730,9),
(829,131),
(938,38),
(781,91),
(800,104),
(592,75),
(787,134),
(692,162),
(793,65),
(848,1),
(281,33),
(752,33),
(643,126),
(225,138),
(240,1),
(345,54),
(882,142),
(720,80),
(881,34),
(249,86),
(114,41),
(220,59),
(374,117),
(535,71),
(744,28),
(521,136),
(763,78),
(232,33),
(386,91),
(601,16),
(855,161),
(324,116),
(364,152),
(62,116),
(524,61),
(239,157),
(608,140),
(49,33),
(204,56),
(317,113),
(304,143),
(269,36),
(586,121),
(652,103),
(927,42),
(8,1),
(322,48),
(436,33),
(919,38),
(99,119),
(368,164),
(70,92),
(949,60),
(345,31),
(533,2),
(55,112),
(779,143),
(262,33),
(826,75),
(488,116),
(92,116),
(617,1),
(803,91),
(185,78),
(977,164),
(218,75),
(889,51),
(714,19),
(296,31),
(523,73),
(764,136),
(470,67),
(839,50),
(696,1),
(353,156),
(660,164),
(620,91),
(285,21),
(565,155),
(954,116),
(222,81),
(94,161),
(418,142),
(120,70),
(161,71),
(912,119),
(704,90),
(247,31),
(513,1),
(936,104),
(950,2),
(518,116),
(558,152),
(647,1),
(801,59),
(585,26),
(417,33),
(644,75),
(900,1),
(381,110),
(536,133),
(637,36),
(193,59),
(917,90),
(299,77),
(57,135),
(285,142),
(339,113),
(635,112),
(709,61),
(397,91),
(464,1),
(729,155),
(650,11),
(790,134),
(37,13),
(364,142),
(868,90),
(290,113),
(516,47),
(698,24),
(891,73),
(923,142),
(412,75),
(413,40),
(204,46),
(504,158),
(578,107),
(724,161),
(316,107),
(757,109),
(939,6),
(756,150),
(830,99),
(971,38),
(667,72),
(763,9),
(782,22),
(976,153),
(760,120),
(229,75),
(202,121),
(726,127),
(195,82),
(395,107),
(463,162),
(569,143),
(890,86),
(929,77),
(451,44),
(27,125),
(442,75),
(18,156),
(428,140),
(93,70),
(99,1),
(556,97),
(576,75),
(744,31),
(923,119),
(265,33),
(380,20),
(531,9),
(26,16),
(421,137),
(227,6),
(642,105),
(279,53),
(393,75),
(716,54),
(90,37),
(727,100),
(304,146),
(987,139),
(41,1),
(583,55),
(385,70),
(882,122),
(278,93),
(183,121),
(432,151),
(875,83),
(135,44),
(295,33),
(509,142),
(132,155),
(19,98),
(188,56),
(302,41),
(650,1),
(785,46),
(796,55),
(259,116),
(748,15),
(137,90),
(619,13),
(389,82),
(857,150),
(172,47),
(124,156),
(976,107),
(786,126),
(996,85),
(351,55),
(751,25),
(810,111),
(850,147),
(743,21),
(540,70),
(372,114),
(619,134),
(29,40),
(169,163),
(209,7),
(846,33),
(241,39),
(33,10),
(657,17),
(670,36),
(38,125),
(675,151),
(990,163),
(695,129),
(50,99),
(378,44),
(485,27),
(425,125),
(102,109),
(631,1),
(616,101),
(811,160),
(125,129),
(896,155),
(91,136),
(23,81),
(306,24),
(573,139),
(884,1),
(686,16),
(546,42),
(827,141),
(584,5),
(201,124),
(698,27),
(276,38),
(892,121),
(959,31),
(414,88),
(527,28),
(823,27),
(814,58),
(968,116),
(21,13),
(572,36),
(348,142),
(268,33),
(266,109),
(367,12),
(655,70),
(89,147),
(983,15),
(933,14),
(469,59),
(664,155),
(342,104),
(443,7),
(569,146),
(253,26),
(805,94),
(878,78),
(708,161),
(56,6),
(251,102),
(928,164),
(157,58),
(311,116),
(103,87),
(625,163),
(314,121),
(456,125),
(475,75),
(6,154),
(153,24),
(609,75),
(72,99),
(118,66),
(755,129),
(895,23),
(1,75),
(724,141),
(999,80),
(327,96),
(642,108),
(529,51),
(683,109),
(716,57),
(925,51),
(499,59),
(956,155),
(560,75),
(83,1),
(115,33),
(383,113),
(866,81),
(732,1),
(59,138),
(844,99),
(352,125),
(481,10),
(298,154),
(145,61),
(299,119),
(636,33),
(325,28),
(719,147),
(208,117),
(657,92),
(945,1),
(239,104),
(723,74),
(233,30),
(292,116),
(212,7),
(701,135),
(715,33),
(781,15),
(149,67),
(747,22),
(659,138),
(87,92),
(44,130),
(328,38),
(595,153),
(224,97),
(762,1),
(116,155),
(500,1),
(236,71),
(256,49),
(625,32),
(880,142),
(254,125),
(415,42),
(797,144),
(730,54),
(675,118),
(843,111),
(540,73),
(621,147),
(929,34),
(164,51),
(713,1),
(867,59),
(879,33),
(25,9),
(180,32),
(871,29),
(636,46),
(782,100),
(177,106),
(983,90),
(156,83),
(512,96),
(122,90),
(618,114),
(610,110),
(711,76),
(838,117),
(818,59),
(306,27),
(541,159),
(702,113),
(613,35),
(36,23),
(117,97),
(163,64),
(405,6),
(445,42),
(465,20),
(531,2),
(362,44),
(120,102),
(651,147),
(834,3),
(743,1),
(286,134),
(548,54),
(854,97),
(856,27),
(109,129),
(546,130),
(612,75),
(739,116),
(80,65),
(596,67),
(165,109),
(89,150),
(741,76),
(10,6),
(250,104),
(633,134),
(257,112),
(860,33),
(852,29),
(60,92),
(502,59),
(649,78),
(313,129),
(983,103),
(244,29),
(398,87),
(399,52),
(740,116),
(356,90),
(153,27),
(677,33),
(802,64),
(151,66),
(902,151),
(331,33),
(781,90),
(22,101),
(498,30),
(557,116),
(435,90),
(79,83),
(930,69),
(532,59),
(590,149),
(563,132),
(911,92),
(20,33),
(374,116),
(426,163),
(386,90),
(782,90),
(828,57),
(821,18),
(170,57),
(827,98),
(732,89),
(261,95),
(206,159),
(890,154),
(777,97),
(119,11),
(64,75),
(305,138),
(379,87),
(856,161),
(351,25),
(705,108),
(54,147),
(853,6),
(301,24),
(184,113),
(258,62),
(949,59),
(244,127),
(277,75),
(533,1),
(731,102),
(154,90),
(165,99),
(335,21),
(944,102),
(233,10),
(433,35),
(539,53),
(512,99),
(390,73),
(714,54),
(1,32),
(411,16),
(784,149),
(274,127),
(959,1),
(776,145),
(850,94),
(301,1),
(962,155),
(129,74),
(872,118),
(322,60),
(938,63),
(133,44),
(930,59),
(299,76),
(982,106),
(110,60),
(397,90),
(994,80),
(168,1),
(40,81),
(249,75),
(355,93),
(952,83),
(334,70),
(421,38),
(152,142),
(650,10),
(217,159),
(828,47),
(855,150),
(989,1),
(612,163),
(96,18),
(288,39),
(468,6),
(408,104),
(608,129),
(205,41),
(273,59),
(634,38),
(874,19),
(665,25),
(926,66),
(550,44),
(86,89),
(710,33),
(723,152),
(938,40),
(252,121),
(687,49),
(747,100),
(692,164),
(436,58),
(791,106),
(429,19),
(434,134),
(836,28),
(991,51),
(566,24),
(75,52),
(149,1),
(626,75),
(249,88),
(295,55),
(235,153),
(18,155),
(125,138),
(386,93),
(821,21),
(324,118),
(439,105),
(585,159),
(941,86),
(705,75),
(799,2),
(120,59),
(308,30),
(456,157),
(528,33),
(676,17),
(749,1),
(298,65),
(49,35),
(526,109),
(278,7),
(754,116),
(935,128),
(80,22),
(8,3),
(919,40),
(179,1),
(508,60),
(345,33),
(833,116),
(566,1),
(779,145),
(885,163),
(209,29),
(20,13),
(630,22),
(240,16),
(816,32),
(69,134),
(505,27),
(450,91),
(388,116),
(361,162),
(145,129),
(620,93),
(707,161),
(263,121),
(303,157),
(411,19),
(120,72),
(549,69),
(119,76),
(561,43),
(849,101),
(976,142),
(17,65),
(459,32),
(814,80),
(479,10),
(560,84),
(747,90),
(982,73),
(898,79),
(480,91),
(339,115),
(554,40),
(890,75),
(835,59),
(398,21),
(980,148),
(564,90),
(451,33),
(335,1),
(93,59),
(616,100),
(790,136),
(273,26),
(573,138),
(539,33),
(807,76),
(639,120),
(794,143),
(290,115),
(813,156),
(805,152),
(73,117),
(483,101),
(221,101),
(777,90),
(495,75),
(213,97),
(555,126),
(292,161),
(975,154),
(130,99),
(264,62),
(169,90),
(297,96),
(758,76),
(154,47),
(100,76),
(173,60),
(870,137),
(224,142),
(171,136),
(385,59),
(291,52),
(365,1),
(202,123),
(430,67),
(135,33),
(611,142),
(463,164),
(752,38),
(838,41),
(360,151),
(803,83),
(373,90),
(607,28),
(485,39),
(625,162),
(733,24),
(122,99),
(691,107),
(960,152),
(543,129),
(536,4),
(482,33),
(574,116),
(872,75),
(26,18),
(549,59),
(381,66),
(832,2),
(905,72),
(802,96),
(63,22),
(869,6),
(109,138),
(416,60),
(644,67),
(348,154),
(455,137),
(258,117),
(969,129),
(378,33),
(250,113),
(223,159),
(432,153),
(216,120),
(733,1),
(933,26),
(469,71),
(596,112),
(415,100),
(616,90),
(373,103),
(533,92),
(138,57),
(740,125),
(383,4),
(67,33),
(294,75),
(891,65),
(44,129),
(159,116),
(555,116),
(716,33),
(957,10),
(124,158),
(607,126),
(902,160),
(687,6),
(236,70),
(638,150),
(622,142),
(319,104),
(225,97),
(56,139),
(674,152),
(763,1),
(655,59),
(929,33),
(772,86),
(140,138),
(442,31),
(78,163),
(207,48),
(293,51),
(675,153),
(804,38),
(861,163),
(680,88),
(203,14),
(472,59),
(162,162),
(128,20),
(437,101),
(960,142),
(711,75),
(543,119),
(71,160),
(394,139),
(998,25),
(252,55),
(613,34),
(350,69),
(819,139),
(531,1),
(52,146),
(267,71),
(762,13),
(3,110),
(854,96),
(546,129),
(999,105),
(194,86),
(100,79),
(198,56),
(568,4),
(655,72),
(741,75),
(830,153),
(950,69),
(875,75),
(398,1),
(2,1),
(344,30),
(633,133),
(679,100),
(951,17),
(19,90),
(302,33),
(979,132),
(986,28),
(492,130),
(311,118),
(765,59),
(475,77),
(107,59),
(857,142),
(158,141),
(595,142),
(22,100),
(733,112),
(1,77),
(443,130),
(53,124),
(300,81),
(683,111),
(674,142),
(56,129),
(420,146),
(735,158),
(903,114),
(35,155),
(761,30),
(115,35),
(424,116),
(915,125),
(739,128),
(598,152),
(531,99),
(651,15),
(172,160),
(468,159),
(333,114),
(911,91),
(352,127),
(795,59),
(990,155),
(251,81),
(325,30),
(271,59),
(545,33),
(208,119),
(283,33),
(738,19),
(771,116),
(663,25),
(12,64),
(394,129),
(681,79),
(350,59),
(659,140),
(873,100),
(256,15),
(987,85),
(362,33),
(307,97),
(44,132),
(328,40),
(5,24),
(979,1),
(131,20),
(163,89),
(349,99),
(281,44),
(214,54),
(629,4),
(730,56),
(24,159),
(279,120),
(621,149),
(137,36),
(196,122),
(679,90),
(973,79),
(879,35),
(20,45),
(220,70),
(334,92),
(836,73),
(286,15),
(440,73),
(782,102),
(909,143),
(452,47),
(357,75),
(493,85),
(913,33),
(5,1),
(702,115),
(3,77),
(754,125),
(22,90),
(127,143),
(961,46),
(454,129),
(783,39),
(286,136),
(548,56),
(730,33),
(466,103),
(621,126),
(144,52),
(841,129),
(847,60),
(110,59),
(544,22),
(81,32),
(764,62),
(341,108),
(920,46),
(542,98),
(333,104),
(697,121),
(165,111),
(191,20),
(219,2),
(519,114),
(679,103),
(908,75),
(175,161),
(798,60),
(64,64),
(492,133),
(639,152),
(873,90),
(987,75),
(665,24),
(934,69),
(685,39),
(597,155),
(382,1),
(945,78),
(548,33),
(331,35),
(800,105),
(801,70),
(478,54),
(632,112),
(652,127),
(998,126),
(193,70),
(467,81),
(83,55),
(579,142),
(582,147),
(617,25),
(232,34),
(821,20),
(324,117),
(439,104),
(116,88),
(900,84),
(182,33),
(523,97),
(188,113),
(206,161),
(799,1),
(427,129),
(64,77),
(997,102),
(365,154),
(653,63),
(599,92),
(49,34),
(988,53),
(301,26),
(529,33),
(133,33),
(247,55),
(487,116),
(903,94),
(184,115),
(224,151),
(130,144),
(196,89),
(15,77),
(365,10),
(947,137),
(48,74),
(281,47),
(209,28),
(591,93),
(596,59),
(180,1),
(334,59),
(488,117),
(561,101),
(617,2),
(636,15),
(822,142),
(519,104),
(774,65),
(438,116),
(257,104),
(189,49),
(450,90),
(469,103),
(684,28),
(575,121),
(690,71),
(353,157),
(655,150),
(587,95),
(909,146),
(956,78),
(171,37),
(639,142),
(914,81),
(47,1),
(934,59),
(148,53),
(897,28),
(514,147),
(419,138),
(862,70),
(993,129),
(58,16),
(849,100),
(358,128),
(647,2),
(150,99),
(376,33),
(603,75),
(644,76),
(141,50),
(181,86),
(710,58),
(133,46),
(825,8),
(79,75),
(225,129),
(480,90),
(426,119),
(131,85),
(164,33),
(822,119),
(969,138),
(672,31),
(786,16),
(980,147),
(195,106),
(228,54),
(583,102),
(46,163),
(589,33),
(697,124),
(703,18),
(912,12),
(426,155),
(810,1),
(218,89),
(807,75),
(714,33),
(813,155),
(868,91),
(941,75),
(73,116),
(630,70),
(904,44),
(473,86),
(923,143),
(445,24),
(317,104),
(627,1),
(121,49),
(757,110),
(758,75),
(550,46),
(778,53),
(864,93),
(173,59),
(927,33),
(506,119),
(30,10),
(781,95),
(936,118),
(793,69),
(840,1),
(967,105),
(402,147),
(429,21),
(193,73),
(434,136),
(494,1),
(31,11),
(345,58),
(628,1),
(844,120),
(943,13),
(406,37),
(775,20),
(721,49),
(593,129),
(626,77),
(377,10),
(464,15),
(323,39),
(451,45),
(18,157),
(93,71),
(576,76),
(125,140),
(777,66),
(30,131),
(387,60),
(702,72),
(380,21),
(660,155),
(445,1),
(585,161),
(337,59),
(448,155),
(832,1),
(412,89),
(849,90),
(35,102),
(416,59),
(134,81),
(685,104),
(894,98),
(341,65),
(778,66),
(11,10),
(224,154),
(548,98),
(339,104),
(385,71),
(863,110),
(877,45),
(82,70),
(365,13),
(833,118),
(357,9),
(229,89),
(303,38),
(611,154),
(135,45),
(469,70),
(952,75),
(132,156),
(261,41),
(167,34),
(213,1),
(347,1),
(427,73),
(855,142),
(870,5),
(189,52),
(190,17),
(600,1),
(290,104),
(505,29),
(996,1),
(442,89),
(361,164),
(463,32),
(300,5),
(474,41),
(231,54),
(222,85),
(141,17),
(181,53),
(550,36),
(704,94),
(850,148),
(771,4),
(547,147),
(829,125),
(849,103),
(56,138),
(17,67),
(499,70),
(619,135),
(490,21),
(644,79),
(662,133),
(185,59),
(635,116),
(695,130),
(324,74),
(666,103),
(786,19),
(27,116),
(187,105),
(152,147),
(239,115),
(568,62),
(246,11),
(400,69),
(735,59),
(599,49),
(794,145),
(686,17),
(922,65),
(980,6),
(148,33),
(330,10),
(235,1),
(118,90),
(192,76),
(459,11),
(95,143),
(142,75),
(297,98),
(88,104),
(363,43),
(999,104),
(622,154),
(174,27),
(562,23),
(797,155),
(30,13),
(966,2),
(863,100),
(432,142),
(113,133),
(629,49),
(360,153),
(332,91),
(378,58),
(661,1),
(210,65),
(815,59),
(311,117),
(945,25),
(609,76),
(682,60),
(755,130),
(311,153),
(264,41),
(15,11),
(114,133),
(1,76),
(255,109),
(106,129),
(67,58),
(423,65),
(484,81),
(778,33),
(327,97),
(656,44),
(802,98),
(109,140),
(383,114),
(712,24),
(772,75),
(732,2),
(509,110),
(429,1),
(33,1),
(510,75),
(937,142),
(38,116),
(112,65),
(57,129),
(440,10),
(675,142),
(50,90),
(250,115),
(223,161),
(816,1),
(270,93),
(425,116),
(176,86),
(699,90),
(860,44),
(187,95),
(871,53),
(562,121),
(663,24),
(609,53),
(246,1),
(400,59),
(137,94),
(380,1),
(534,59),
(734,84),
(808,33),
(740,127),
(577,100),
(974,65),
(766,36),
(370,36),
(307,96),
(186,135),
(501,147),
(721,150),
(459,1),
(500,2),
(728,9),
(948,49),
(457,40),
(363,33),
(194,75),
(254,126),
(851,116),
(925,65),
(870,129),
(863,90),
(869,21),
(115,47),
(672,1),
(430,59),
(713,2),
(934,150),
(81,54),
(27,83),
(73,50),
(879,34),
(542,120),
(615,104),
(695,133),
(587,42),
(42,99),
(989,22),
(868,61),
(954,64),
(162,164),
(122,91),
(491,74),
(155,125),
(456,116),
(911,139),
(180,69),
(267,37),
(818,60),
(78,21),
(541,160),
(669,80),
(694,24),
(789,33),
(955,65),
(559,65),
(101,4),
(127,142),
(362,45),
(590,52),
(72,126),
(843,89),
(111,54),
(546,131),
(438,40),
(383,104),
(384,69),
(94,1),
(538,127),
(717,129),
(637,20),
(845,49),
(455,129),
(59,129),
(972,10),
(352,116),
(481,1),
(219,1),
(742,42),
(688,71),
(679,102),
(867,73),
(819,33),
(502,60),
(798,59),
(668,129),
(694,1),
(577,90),
(948,3),
(275,54),
(315,90),
(25,108),
(963,162),
(656,11),
(414,69),
(205,75),
(178,121),
(387,115),
(331,34),
(22,102),
(28,33),
(834,17),
(907,1),
(443,132),
(603,84),
(254,116),
(898,38),
(627,69),
(532,60),
(921,21),
(344,9),
(732,5),
(241,33),
(468,161),
(78,155),
(66,1),
(462,1),
(70,151),
(513,83),
(958,88),
(32,8),
(251,83),
(366,33),
(861,155),
(449,147),
(920,61),
(503,38),
(206,160),
(23,75),
(64,76),
(702,104),
(984,82),
(413,1),
(567,59),
(873,102),
(54,148),
(410,75),
(736,96),
(51,142),
(385,18),
(989,133),
(76,86),
(230,1),
(384,59),
(981,49),
(750,116),
(864,138),
(561,100),
(24,161),
(722,54),
(89,141),
(614,112),
(953,56),
(370,160),
(859,59),
(708,155),
(810,23),
(346,68),
(23,52),
(97,1),
(233,11),
(935,54),
(357,77),
(959,2),
(199,134),
(902,142),
(526,120),
(9,10),
(753,162),
(754,127),
(746,123),
(571,42),
(160,142),
(289,27),
(671,129),
(141,49),
(13,129),
(200,135),
(214,33),
(441,161),
(110,61),
(848,27),
(866,75),
(865,116),
(515,146),
(46,162),
(770,107),
(963,93),
(191,22),
(217,160),
(555,39),
(775,42),
(567,13),
(908,77),
(309,163),
(369,28),
(678,109),
(972,98),
(99,24),
(104,139),
(305,129),
(136,91),
(465,1),
(14,65),
(497,70),
(34,80),
(147,100),
(537,106),
(85,125),
(226,21),
(594,2),
(184,104),
(338,162),
(123,8),
(404,107),
(478,56),
(687,50),
(967,104),
(447,105),
(561,90),
(434,135),
(225,141),
(467,83),
(836,29),
(951,16),
(566,25),
(626,76),
(464,14),
(323,38),
(582,149),
(146,113),
(374,120),
(232,36),
(233,1),
(387,59),
(492,112),
(238,116),
(601,19),
(512,90),
(399,33),
(586,39),
(755,77),
(449,150),
(8,148),
(610,104),
(941,87),
(993,134),
(188,115),
(148,42),
(799,3),
(496,2),
(885,43),
(641,91),
(862,59),
(478,33),
(329,90),
(181,75),
(924,119),
(51,145),
(24,128),
(727,136),
(110,51),
(525,1),
(833,117),
(605,30),
(960,78),
(924,155),
(167,33),
(837,7),
(69,135),
(457,131),
(505,28),
(450,92),
(738,1),
(684,30),
(630,59),
(575,123),
(631,24),
(904,33),
(953,38),
(104,129),
(145,130),
(473,75),
(588,62),
(970,127),
(580,58),
(371,64),
(714,58),
(288,66),
(147,90),
(718,28),
(132,47),
(689,1),
(581,59),
(962,159),
(632,104),
(423,110),
(692,155),
(142,97),
(215,81),
(161,110),
(899,39),
(759,65),
(602,118),
(37,160),
(354,16),
(373,29),
(842,99),
(969,140),
(835,60),
(899,75),
(248,114),
(893,1),
(187,104),
(166,81),
(32,1),
(975,70),
(761,110),
(143,97),
(425,161),
(813,157),
(604,163),
(885,33),
(99,27),
(522,130),
(240,115),
(923,145),
(192,75),
(990,55),
(727,90),
(95,142),
(169,91),
(498,1),
(766,81),
(758,77),
(569,61),
(287,83),
(506,121),
(82,59),
(947,129),
(343,100),
(417,49),
(402,149),
(940,90),
(228,33),
(158,54),
(332,90),
(539,11),
(721,51),
(61,121),
(764,129),
(27,128),
(556,100),
(650,27),
(945,24),
(387,62),
(682,59),
(466,26),
(62,122),
(537,86),
(15,10),
(914,75),
(872,76),
(118,102),
(467,27),
(298,69),
(453,92),
(479,1),
(376,25),
(48,43),
(645,33),
(894,100),
(591,62),
(865,73),
(487,121),
(11,12),
(508,64),
(183,124),
(75,33),
(248,104),
(726,143),
(40,75),
(268,82),
(296,1),
(773,75),
(46,155),
(132,158),
(415,101),
(910,80),
(573,129),
(942,112),
(885,38),
(294,76),
(145,133),
(186,134),
(247,1),
(265,49),
(474,43),
(520,10),
(643,1),
(130,90),
(672,144),
(295,157),
(907,10),
(570,96),
(1000,155),
(307,131),
(978,70),
(119,80),
(319,105),
(763,2),
(991,9),
(499,72),
(614,59),
(869,20),
(479,14),
(343,90),
(195,75),
(463,155),
(737,129),
(992,90),
(360,142),
(38,128),
(480,95),
(804,39),
(917,96),
(378,47),
(720,76),
(425,128),
(128,21),
(556,90),
(670,75),
(839,33),
(125,132),
(554,129),
(534,71),
(574,107),
(231,33),
(600,16),
(228,144),
(892,124),
(276,41),
(495,79),
(72,125),
(656,33),
(298,59),
(877,1),
(527,31),
(673,85),
(598,91),
(894,90),
(845,48),
(194,87),
(999,106),
(663,157),
(86,145),
(648,28),
(266,112),
(863,102),
(177,34),
(231,154),
(391,143),
(686,140),
(511,59),
(176,75),
(846,49),
(261,33),
(744,1),
(831,6),
(293,65),
(788,44),
(607,32),
(593,134),
(765,60),
(314,124),
(428,146),
(474,33),
(755,132),
(957,1),
(43,75),
(243,100),
(423,67),
(853,29),
(235,16),
(362,57),
(17,59),
(573,11),
(606,45),
(760,103),
(29,33),
(712,26),
(866,84),
(140,129),
(906,77),
(59,141),
(689,79),
(440,12),
(198,70),
(481,13),
(795,60),
(847,107),
(176,88),
(860,46),
(283,34),
(139,20),
(562,123),
(771,117),
(63,147),
(91,129),
(382,12),
(447,29),
(501,149),
(399,101),
(500,4),
(673,75),
(713,148),
(68,81),
(297,90),
(465,46),
(570,99),
(34,125),
(319,108),
(883,150),
(57,108),
(272,33),
(197,2),
(370,159),
(242,10),
(354,71),
(2,28),
(357,76),
(472,63),
(700,70),
(706,1),
(476,33),
(703,75),
(762,161),
(818,62),
(386,139),
(715,49),
(98,1),
(667,9),
(243,90),
(881,118),
(955,67),
(559,67),
(264,33),
(28,22),
(127,144),
(465,23),
(651,150),
(454,130),
(200,134),
(802,90),
(965,117),
(112,21),
(768,97),
(968,122),
(392,75),
(337,139),
(847,61),
(129,110),
(915,116),
(7,84),
(81,33),
(476,154),
(214,68),
(287,138),
(615,83),
(152,93),
(312,82),
(741,79),
(633,137),
(908,76),
(444,121),
(282,59),
(128,1),
(309,162),
(342,110),
(437,82),
(293,68),
(488,164),
(986,32),
(104,138),
(943,70),
(565,118),
(606,156),
(358,54),
(96,54),
(136,90),
(33,114),
(107,63),
(234,104),
(744,89),
(984,49),
(528,56),
(689,10),
(111,33),
(226,20),
(594,1),
(902,154),
(76,75),
(728,1),
(800,106),
(68,71),
(551,76),
(706,99),
(826,15),
(349,90),
(300,85),
(623,64),
(898,40),
(843,104),
(447,104),
(532,62),
(35,159),
(970,28),
(579,143),
(985,44),
(70,153),
(283,37),
(355,142),
(275,33),
(375,120),
(53,69),
(496,1),
(401,29),
(641,90),
(427,130),
(305,141),
(862,58),
(117,90),
(317,115),
(410,77),
(47,25),
(481,137),
(949,62),
(854,90),
(318,116),
(458,10),
(772,57),
(981,51),
(306,141),
(407,44),
(184,152),
(488,118),
(521,66),
(722,56),
(795,40),
(822,143),
(108,13),
(149,14),
(626,88),
(805,90),
(966,7),
(66,16),
(11,80),
(280,125),
(226,154),
(346,70),
(774,102),
(935,56),
(87,75),
(497,59),
(288,65),
(582,17),
(897,29),
(151,59),
(419,139),
(131,1),
(753,164),
(486,49),
(108,134),
(343,37),
(161,109),
(376,34),
(322,63),
(530,92),
(946,70),
(883,130),
(179,14),
(884,95),
(722,33),
(895,104),
(888,65),
(344,1),
(162,110),
(248,113),
(590,142),
(40,84),
(114,33),
(227,90),
(228,55),
(769,1),
(446,134),
(935,33),
(103,60),
(143,96),
(559,11),
(1000,162),
(604,162),
(678,111),
(757,26),
(906,155),
(188,104),
(53,59),
(368,71),
(522,129),
(643,10),
(552,151),
(767,76),
(560,12),
(136,93),
(356,96),
(147,102),
(403,28),
(26,41),
(39,160),
(85,127),
(689,13),
(420,117),
(252,124),
(144,33),
(338,164),
(513,16),
(801,74),
(761,1),
(747,103),
(329,115),
(812,83),
(773,12),
(840,2),
(435,96),
(806,9),
(770,86),
(602,130),
(876,104),
(326,46),
(191,1),
(899,87),
(491,33),
(60,75),
(12,35),
(320,151),
(984,51),
(439,108),
(404,1),
(76,19),
(62,121),
(558,59),
(337,60),
(993,136),
(784,142),
(207,130),
(111,13),
(419,129),
(157,129),
(163,60),
(526,112),
(727,102),
(150,90),
(753,154),
(490,9),
(792,2),
(664,82),
(341,66),
(783,33),
(957,69),
(653,152),
(36,104),
(82,71),
(787,152),
(579,123),
(202,136),
(726,142),
(826,80),
(154,96),
(750,121),
(617,6),
(240,19),
(520,153),
(4,8),
(774,69),
(815,70),
(821,1),
(975,59),
(175,155),
(127,78),
(725,33),
(253,74),
(749,161),
(958,155),
(654,9),
(231,55),
(277,22),
(263,124),
(418,147),
(914,85),
(926,59),
(938,33),
(756,142),
(30,1),
(627,28),
(518,121),
(787,129),
(759,67),
(13,134),
(268,58),
(932,138),
(634,152),
(31,2),
(185,60),
(285,147),
(635,117),
(809,4),
(493,33),
(720,75),
(377,1),
(832,136),
(422,9),
(647,127),
(534,70),
(807,79),
(922,66),
(599,50),
(868,95),
(886,143),
(537,75),
(73,120),
(698,29),
(340,55),
(586,116),
(142,76),
(766,83),
(598,90),
(919,33),
(173,63),
(11,1),
(588,162),
(977,123),
(177,33),
(391,142),
(707,33),
(840,5),
(343,102),
(940,92),
(517,138),
(718,128),
(798,8),
(375,54),
(415,90),
(756,11),
(774,59),
(661,2),
(238,85),
(666,117),
(733,27),
(524,33),
(893,16),
(556,102),
(973,125),
(456,127),
(361,155),
(576,80),
(622,47),
(682,61),
(471,143),
(431,70),
(640,64),
(223,41),
(255,110),
(106,130);

COMMIT;